v1,v2,weight
1,2,1
2,3,1
3,4,1
4,4,25
4,3,2
3,5,1
5,6,1
6,7,1
7,8,1
8,9,1
9,10,1
10,11,2
11,12,1
12,13,1
13,10,1
11,8,1
8,7,1
7,6,1
6,14,1
14,15,1
15,4,4
3,2,1
2,1,1
1,16,1
16,1,1
17,18,1
18,19,1
19,20,2
20,21,2
21,22,2
22,23,10
23,24,8
24,25,3
25,26,2
26,27,2
27,28,6
28,29,2
29,30,2
30,22,10
23,31,2
31,20,2
20,32,2
32,33,1
33,34,1
34,19,1
19,18,1
18,17,1
17,35,1
35,19,2
19,36,1
36,37,1
37,19,1
32,19,1
19,17,1
38,39,1
39,40,3
40,41,3
41,42,3
42,43,2
43,44,2
44,45,2
45,46,2
46,47,2
47,48,1
48,49,1
49,50,1
50,51,1
51,20,1
20,52,1
52,53,1
53,54,1
54,55,1
55,56,1
56,27,1
27,57,5
57,58,1
58,59,1
59,55,1
55,54,1
54,53,1
53,52,1
52,20,1
20,51,1
51,50,1
50,49,1
49,48,1
48,47,1
47,46,2
46,45,2
45,60,1
60,38,1
61,62,28
62,63,25
63,64,48
64,65,30
65,66,11
66,65,10
65,67,62
67,61,17
61,61,6
65,68,1
68,69,1
69,65,1
70,71,1
71,72,1
72,73,1
73,74,1
74,75,1
75,76,18
76,77,10
77,78,34
78,70,1
79,80,1
80,80,2
80,28,1
28,81,6
81,30,1
24,27,1
28,80,1
80,79,1
82,83,1
83,84,4
84,85,4
85,86,4
86,87,1
87,88,4
88,86,15
86,89,2
89,90,2
90,91,2
91,92,2
92,89,1
89,93,2
93,94,2
94,95,1
95,96,1
96,97,1
97,98,2
98,99,2
99,100,1
100,101,17
101,102,16
102,103,15
103,77,17
77,104,19
104,105,25
105,106,36
106,67,20
67,77,20
77,107,89
107,77,96
77,103,16
103,102,13
102,101,14
101,100,17
100,99,1
99,98,2
98,97,2
97,94,2
94,93,2
93,89,2
89,92,2
92,91,2
91,90,2
90,89,1
89,86,1
86,85,1
85,108,1
108,84,1
84,109,1
109,82,1
110,111,4
111,112,4
112,113,4
113,1,10
1,114,7
114,115,5
115,116,3
116,61,3
61,117,17
117,65,1
65,117,7
117,118,1
118,119,1
119,117,1
117,61,12
61,120,1
120,114,1
114,1,7
1,121,5
121,122,5
122,123,5
123,112,1
112,124,4
124,125,4
125,126,4
126,110,4
110,127,4
127,128,4
128,129,5
129,110,5
130,131,2
131,132,2
132,133,2
133,134,2
134,135,2
135,136,2
136,137,2
137,131,2
131,138,2
138,139,2
139,140,2
140,141,9
141,142,3
142,143,2
143,144,2
144,145,2
145,146,3
146,88,3
88,147,15
147,148,15
148,149,14
149,150,17
150,151,24
151,77,28
105,77,31
77,152,26
152,153,49
153,154,59
154,155,55
155,156,34
156,157,35
157,158,40
158,159,41
159,160,34
160,161,34
161,162,7
162,163,8
163,164,4
164,165,2
165,166,2
166,167,2
167,168,2
168,169,2
169,170,2
170,163,5
163,171,2
171,172,2
172,173,2
173,174,3
174,175,2
175,176,2
176,174,2
174,177,2
177,178,2
178,179,2
179,180,2
180,177,2
177,174,2
174,176,1
176,175,1
175,174,1
174,173,3
173,172,2
172,171,1
171,163,1
163,162,10
162,161,9
161,160,33
160,159,36
159,181,35
181,182,35
182,183,43
183,184,39
184,185,39
185,186,39
186,187,38
187,188,19
188,154,19
154,153,42
153,189,12
189,190,11
190,191,11
191,61,13
61,78,9
78,67,40
77,192,28
192,193,30
193,149,21
149,194,3
194,148,3
148,147,13
147,88,12
88,146,2
146,145,2
145,144,1
144,143,1
143,142,1
142,141,2
141,140,6
140,139,1
139,138,1
138,131,1
131,137,1
137,136,1
136,135,1
135,134,1
134,133,1
133,130,1
195,196,1
196,197,1
197,198,3
198,199,1
199,140,1
141,198,2
198,200,1
200,201,1
201,140,1
140,202,3
202,203,3
203,142,3
142,88,1
169,204,1
204,173,1
174,205,1
205,206,1
206,207,1
207,208,1
208,209,1
209,210,1
210,211,1
211,212,1
212,213,1
213,177,1
177,214,3
214,215,1
215,216,1
216,217,1
217,218,1
218,219,1
219,220,1
220,221,1
221,216,1
216,222,1
222,220,1
220,177,1
177,213,1
213,212,1
212,211,1
211,210,1
210,209,1
209,208,1
208,207,1
207,206,1
206,205,1
205,173,1
173,223,1
223,224,1
224,205,1
205,174,1
172,169,1
169,168,1
168,167,1
167,165,1
165,164,1
164,225,3
225,226,3
226,227,4
227,163,4
183,187,4
187,155,23
155,154,22
149,148,12
88,228,2
228,142,1
142,203,4
203,140,3
140,229,1
229,200,1
200,198,1
198,230,1
230,140,3
140,199,1
199,198,1
198,197,3
197,231,1
231,195,1
232,233,1
233,234,1
234,235,1
235,140,3
142,236,1
236,237,1
237,238,2
238,237,2
237,239,1
239,240,1
240,241,1
241,242,1
242,243,1
243,145,1
161,244,9
244,245,5
245,246,7
246,247,3
247,248,3
248,249,1
249,250,1
250,251,1
251,252,1
252,253,1
253,254,1
254,255,1
255,256,1
256,257,1
257,258,1
258,259,1
259,256,1
256,255,1
255,254,1
254,253,1
253,252,1
252,251,1
251,250,1
250,260,1
260,261,1
261,262,1
262,246,1
246,245,1
245,244,5
244,161,19
145,243,1
243,242,1
242,241,1
241,240,1
240,239,1
239,237,1
237,236,1
236,142,1
140,235,5
235,234,1
234,233,1
233,232,1
232,263,1
263,264,1
264,265,1
265,266,1
266,232,1
267,268,1
268,269,4
269,270,5
270,271,5
271,77,2
77,74,20
74,61,37
61,272,56
272,273,43
273,274,44
274,275,10
275,276,6
276,274,27
274,277,5
277,278,5
278,279,5
279,280,2
280,281,2
281,282,2
282,283,2
283,284,2
284,285,2
285,284,3
284,283,2
283,282,2
282,281,2
281,280,2
280,279,2
279,286,3
286,287,2
287,278,5
278,288,5
288,289,5
289,274,1
274,276,13
276,290,25
290,291,60
291,61,50
61,292,57
292,293,58
293,294,63
294,72,54
72,77,55
77,271,5
271,270,5
270,269,4
269,268,3
268,267,1
295,296,2
296,297,2
297,298,2
298,299,2
299,300,2
300,301,2
301,302,2
302,303,2
303,304,2
304,305,5
305,306,5
306,307,6
307,308,10
308,77,10
274,309,50
309,310,8
310,285,8
285,311,6
311,312,4
312,313,5
313,314,5
314,315,5
315,316,5
316,315,7
315,314,7
314,313,7
313,312,7
312,317,6
317,318,6
318,319,6
319,320,6
320,321,6
321,322,6
322,322,6
322,323,6
323,285,9
285,309,10
309,274,46
274,324,35
324,272,30
272,61,24
61,293,19
77,308,12
308,325,3
325,307,3
307,326,3
326,327,3
327,328,3
328,301,3
301,300,3
300,299,3
299,298,3
298,297,3
297,329,3
329,330,2
330,331,2
331,332,2
332,329,2
329,295,3
333,334,1
334,335,1
335,336,1
336,316,4
337,338,3
338,339,3
339,340,3
340,341,3
341,342,3
342,343,3
343,344,3
344,306,3
306,345,5
345,306,5
306,346,1
346,347,2
347,329,2
311,348,1
348,349,1
349,323,2
323,350,7
350,351,6
351,352,6
352,353,4
353,312,4
316,354,2
354,336,2
336,355,4
355,334,4
334,356,4
356,357,1
357,358,1
358,359,4
359,360,3
360,361,2
361,311,4
311,362,2
362,363,2
363,316,2
316,363,1
363,362,1
362,311,1
311,361,2
361,358,3
359,364,1
364,360,1
312,311,1
311,285,1
285,274,5
308,307,4
307,307,1
329,332,1
332,331,1
331,365,1
365,366,1
366,345,1
345,366,1
366,367,1
367,368,3
368,344,3
344,369,2
369,370,2
370,371,3
371,337,3
356,334,4
334,355,4
355,336,4
293,372,21
372,373,16
373,374,16
374,375,8
375,293,14
293,61,24
316,336,2
345,346,1
329,306,1
285,323,2
323,376,2
376,349,2
349,377,2
377,378,2
378,323,2
352,379,2
379,380,2
380,381,2
381,382,2
382,383,2
383,384,4
384,383,5
383,382,3
382,381,3
381,379,2
379,352,2
352,351,4
351,385,4
385,377,5
377,349,5
349,376,2
376,323,2
307,306,1
345,386,3
386,367,2
344,387,1
387,370,1
267,388,2
388,268,2
268,389,1
389,390,1
390,391,1
391,392,1
392,393,1
393,394,1
394,395,1
395,396,1
396,397,2
397,398,2
398,399,2
399,400,2
400,401,2
401,402,2
402,403,2
403,404,2
404,405,1
405,406,1
406,77,1
279,407,2
407,408,2
408,409,2
409,410,2
410,411,2
411,412,2
412,413,2
413,410,2
410,310,2
310,408,2
408,407,2
407,414,2
414,415,2
415,287,2
289,285,4
77,406,1
406,405,1
405,416,2
416,404,2
404,403,2
403,402,2
402,401,2
401,400,2
400,399,2
399,398,2
398,397,2
397,417,1
417,394,2
394,393,2
393,392,1
392,391,1
391,390,1
390,389,1
389,268,4
268,388,4
388,267,3
418,419,3
419,420,3
420,421,3
421,422,3
422,423,2
423,424,2
424,425,2
425,426,2
426,427,3
427,428,3
428,425,2
425,429,2
429,423,2
423,419,2
419,418,3
422,426,1
428,430,1
430,431,1
431,432,1
432,433,1
433,419,1
427,434,1
434,435,1
435,436,1
436,437,1
437,438,1
438,439,4
439,438,1
438,440,5
440,441,8
441,442,1
442,443,1
443,444,1
444,445,1
445,442,1
442,441,1
441,439,8
439,446,5
446,447,1
447,438,5
438,437,1
437,436,1
436,435,1
435,434,1
434,427,1
427,448,1
448,437,1
437,449,1
449,427,1
450,451,3
451,77,3
267,452,5
452,453,4
453,454,4
454,455,2
455,456,3
456,457,2
457,458,3
458,459,2
459,460,2
460,461,2
461,456,2
456,455,3
455,454,2
454,453,4
453,452,4
452,267,3
267,462,4
462,389,4
271,463,3
463,450,3
269,464,1
464,465,1
465,405,1
397,396,1
396,417,1
393,466,1
466,268,1
268,466,1
466,393,1
393,396,1
404,467,1
467,269,1
468,469,1
469,470,1
470,471,1
471,472,3
472,473,3
473,474,1
474,475,3
475,476,1
476,477,1
477,478,6
478,479,6
479,480,1
480,481,1
481,482,1
482,483,1
483,480,1
480,484,1
484,485,1
485,486,1
486,480,1
480,483,1
483,487,1
487,488,1
488,489,1
489,490,1
490,491,1
491,492,1
492,493,1
493,494,1
494,495,1
495,496,1
496,497,1
497,498,1
498,499,1
499,499,1
499,500,1
500,496,1
496,495,1
495,494,1
494,493,1
493,470,1
470,469,1
469,501,1
501,468,1
502,88,5
88,503,4
503,88,14
88,504,4
504,502,6
505,506,3
506,507,3
507,508,3
508,509,3
509,510,2
510,88,2
88,510,4
510,509,2
509,508,3
508,507,3
507,511,3
511,512,3
512,505,3
513,514,1
514,515,1
515,516,1
516,517,1
517,518,1
518,519,1
519,88,1
88,140,1
140,515,1
515,520,3
520,521,4
521,77,4
77,515,4
515,140,1
140,88,1
88,519,1
519,518,1
518,517,1
517,522,1
522,515,1
515,515,2
515,523,1
523,524,1
524,514,1
514,513,1
270,525,1
525,526,3
526,527,4
527,528,4
528,529,5
529,530,5
530,531,7
531,532,7
532,533,7
533,532,6
532,531,3
531,530,3
530,529,3
529,528,3
528,534,1
534,535,1
535,525,3
525,270,1
536,537,3
537,538,3
538,520,10
520,192,2
193,539,9
539,471,7
471,540,2
540,541,3
541,542,12
542,543,14
543,544,8
544,545,8
545,542,8
542,546,16
546,547,16
547,541,6
541,540,11
540,471,8
471,539,6
539,538,5
538,537,3
537,536,3
473,548,3
548,471,4
471,476,1
476,541,1
541,549,6
549,550,7
550,88,7
228,551,1
551,552,3
552,553,3
553,454,3
454,554,2
554,267,1
270,555,1
555,526,1
526,534,1
534,528,1
533,556,1
556,557,1
557,454,3
554,454,1
454,553,3
553,552,3
552,142,1
203,558,1
558,88,1
147,559,2
559,560,2
560,561,1
561,477,1
477,562,1
562,479,1
479,482,1
482,471,1
471,473,1
539,563,9
563,564,5
564,565,2
565,566,2
566,567,2
567,565,5
565,568,5
568,433,3
433,569,3
569,419,3
419,570,3
570,427,2
427,571,11
571,572,15
572,63,14
63,571,12
571,105,10
77,106,51
106,65,39
65,72,38
72,75,29
75,573,19
573,574,8
574,575,38
575,61,37
61,576,15
576,577,5
577,578,2
578,579,2
579,580,3
580,579,3
579,581,2
581,582,2
582,583,2
583,578,2
578,577,2
577,4,8
4,61,51
61,575,38
575,574,46
574,573,5
573,571,19
571,65,20
65,78,15
78,77,13
67,571,15
571,63,16
63,584,20
584,571,20
571,427,17
427,585,3
585,586,3
586,433,3
433,587,3
587,588,3
588,566,3
566,565,3
565,589,2
589,590,5
590,567,5
568,591,2
591,592,3
592,593,3
593,484,2
484,562,2
562,539,10
75,594,4
594,573,4
573,75,69
75,105,41
595,520,3
520,149,12
149,538,8
538,596,7
596,597,7
597,598,9
598,75,7
75,599,13
599,600,27
600,601,30
601,77,20
65,602,5
602,117,4
117,27,7
81,603,5
603,604,5
604,605,5
605,606,5
606,25,3
25,119,3
119,65,3
77,190,14
190,599,18
599,75,13
75,607,12
607,608,2
608,596,2
596,538,7
520,609,2
609,610,2
610,611,2
611,612,2
612,613,2
613,595,2
72,104,20
104,65,13
65,614,20
614,615,23
615,600,44
600,573,54
607,616,5
616,596,5
617,618,1
618,471,1
539,619,1
619,620,1
620,621,1
621,622,1
622,623,1
623,624,1
624,625,1
625,626,2
626,627,2
627,628,1
628,629,1
629,630,1
630,631,1
631,538,1
576,632,6
632,633,1
633,634,1
634,633,1
633,635,1
635,4,8
538,636,1
636,627,1
627,631,1
631,637,1
637,623,1
623,638,1
638,539,1
539,617,1
532,77,3
65,600,16
573,639,32
639,574,32
61,4,19
4,640,25
640,641,8
641,642,3
642,643,4
643,644,4
644,644,3
644,643,4
643,642,4
642,645,4
645,645,4
645,646,3
646,645,2
645,642,3
642,641,2
641,647,6
647,648,5
648,649,5
649,640,2
640,4,26
574,639,47
639,573,46
77,530,2
528,527,2
527,535,2
645,650,1
650,651,1
651,652,1
652,653,1
653,654,1
654,645,1
539,655,1
655,656,1
656,567,1
570,657,1
657,658,1
658,77,1
77,61,2
117,575,3
577,581,1
581,583,1
583,577,1
61,63,3
565,591,1
593,539,3
539,418,4
418,418,3
418,539,4
57,659,4
659,660,4
660,30,4
24,58,4
58,661,4
661,662,4
662,659,4
659,26,4
26,663,4
663,61,4
61,664,4
664,117,4
61,571,5
571,665,4
665,61,4
61,666,1
666,77,4
388,667,1
667,668,1
668,267,1
561,669,1
669,670,1
670,561,1
561,671,1
671,595,1
595,672,1
672,673,1
673,674,1
674,675,1
675,676,1
676,677,4
677,471,3
75,678,1
678,191,1
191,679,1
679,572,2
571,153,1
153,574,3
576,680,3
680,681,3
681,682,3
682,683,3
683,684,5
684,685,4
685,65,4
65,61,1
639,678,1
678,75,10
471,686,3
686,687,3
687,671,1
671,672,1
672,595,1
595,671,1
671,561,1
688,689,37
689,86,33
86,503,3
503,504,2
502,515,1
74,64,9
64,77,14
515,502,1
86,688,2
86,690,4
690,691,3
691,692,3
692,86,3
86,693,4
693,100,8
100,693,9
693,86,4
86,689,37
101,694,1
694,103,1
77,386,4
386,160,6
160,695,1
695,162,1
163,696,2
696,697,1
697,698,1
698,699,5
699,698,5
698,700,8
700,701,1
701,702,1
702,698,10
698,703,5
703,698,5
698,702,9
702,701,1
701,700,1
700,698,7
698,697,1
697,696,1
696,163,2
162,386,10
386,77,4
103,694,1
694,101,1
689,704,2
704,705,1
705,706,2
706,707,2
707,689,2
689,708,3
708,709,6
709,710,2
710,711,3
711,712,2
712,713,2
713,714,2
714,715,1
715,716,1
716,717,2
717,718,2
718,719,2
719,720,2
720,721,3
721,722,3
722,723,2
723,724,2
724,725,2
725,723,2
723,722,2
722,721,2
721,720,2
720,719,2
719,718,2
718,717,2
717,716,2
716,715,1
715,714,1
714,713,2
713,712,2
712,711,2
711,710,2
710,709,2
709,708,2
708,689,2
689,707,2
707,706,2
706,705,2
705,704,2
704,689,3
86,726,6
726,727,1
727,728,1
728,729,1
729,727,2
727,730,2
730,727,2
727,731,2
731,727,2
727,726,2
726,86,6
726,732,3
732,733,3
733,734,3
734,735,1
735,736,1
736,737,1
737,738,3
738,739,2
739,727,2
727,734,1
734,729,1
726,726,2
726,740,1
740,741,1
741,742,1
742,743,1
743,740,1
740,726,1
744,745,1
745,746,1
746,747,1
747,748,1
748,749,4
749,750,4
750,751,3
751,752,4
752,753,20
753,754,22
754,693,28
693,755,2
755,86,2
86,386,12
386,515,2
515,386,2
386,86,4
86,755,2
755,693,2
693,693,5
693,754,12
754,756,30
756,753,30
753,757,17
757,758,17
758,752,15
752,759,9
759,760,6
760,752,6
752,751,3
751,750,3
750,749,4
749,748,4
748,761,3
761,762,3
762,746,3
746,745,1
745,744,1
744,763,4
763,764,3
764,765,1
765,744,1
734,766,1
766,767,1
767,768,4
768,736,4
736,769,2
769,770,2
770,737,2
739,726,1
734,771,1
771,767,3
738,772,1
772,726,1
773,774,3
774,775,3
775,776,6
776,777,2
777,778,2
778,779,2
779,776,2
776,775,6
775,512,2
512,780,4
780,781,4
781,780,4
780,512,4
512,640,2
61,782,13
782,65,15
65,64,5
64,105,4
105,65,34
602,4,15
640,512,2
512,775,2
776,779,4
779,778,4
778,777,4
777,776,4
775,783,2
783,784,2
784,785,3
785,773,3
86,786,8
786,787,1
787,788,1
788,789,1
789,790,1
790,791,1
791,792,1
792,793,1
793,794,1
794,795,1
795,86,5
86,795,4
795,654,2
654,796,3
796,797,2
797,798,3
798,799,4
799,800,4
800,801,4
801,802,3
802,798,4
798,797,4
797,796,3
796,654,4
654,795,3
786,789,1
789,803,1
803,804,1
804,735,2
735,805,1
805,794,1
794,804,1
735,790,1
790,789,1
789,806,1
806,798,1
802,786,1
786,86,11
795,735,2
735,795,2
795,795,5
795,807,1
807,86,1
86,808,28
808,86,23
386,640,14
614,374,17
374,809,18
809,372,9
372,810,17
810,615,14
615,602,15
640,386,15
386,386,35
386,503,9
782,811,5
811,602,5
640,640,22
812,813,2
813,814,2
814,815,2
815,816,2
816,817,2
817,818,5
818,819,8
819,820,6
820,693,6
693,808,16
86,821,2
821,87,2
88,550,7
550,549,7
549,541,6
471,427,9
427,641,18
641,640,25
65,810,3
810,602,3
640,427,11
427,471,9
471,822,4
822,823,4
823,541,7
88,821,2
821,86,2
86,824,3
824,693,3
693,825,8
825,826,9
826,820,8
820,819,5
819,827,1
827,817,1
817,828,8
828,815,3
815,814,2
814,829,2
829,830,1
830,831,1
831,812,1
386,832,1
832,87,1
819,812,3
86,88,4
541,833,11
833,834,12
834,835,12
835,836,12
836,541,11
541,836,8
836,835,8
835,834,8
834,833,8
833,541,8
61,65,1
66,837,8
837,838,1
838,839,5
839,840,4
840,840,3
840,839,4
839,838,5
838,837,1
837,66,5
65,841,4
841,61,1
61,73,1
73,782,5
546,427,7
427,842,1
842,471,1
471,542,5
542,541,1
843,754,21
77,673,1
673,844,1
844,595,1
75,845,2
845,190,2
190,846,2
846,75,3
753,843,3
77,847,1
847,847,1
847,848,6
848,849,2
849,850,2
850,851,2
851,307,2
307,515,5
515,539,2
538,539,1
539,852,1
852,515,1
515,307,5
307,853,2
853,854,2
854,855,1
855,856,1
856,307,2
307,857,2
857,858,2
858,859,2
859,860,2
860,861,7
861,386,9
862,863,8
863,690,2
690,864,5
864,865,4
865,866,9
866,867,6
867,868,6
868,818,6
818,869,3
869,83,3
502,86,1
386,818,2
818,870,6
870,865,5
866,871,1
871,862,3
148,194,3
194,149,3
86,863,4
863,862,2
693,824,8
824,872,8
872,690,8
690,86,7
808,693,21
693,753,19
843,753,18
758,753,6
753,752,8
759,873,3
873,874,3
874,875,3
875,876,2
876,877,2
877,878,2
878,879,1
879,880,1
880,881,1
881,759,1
759,882,2
882,883,2
883,884,2
884,752,1
752,884,1
884,883,2
883,885,2
885,759,2
878,759,1
759,749,1
748,886,1
886,748,3
749,751,1
786,887,2
887,888,2
888,889,2
889,890,1
890,891,1
891,892,2
892,893,2
893,894,2
894,895,3
895,896,3
896,897,2
897,898,2
898,899,3
899,900,2
900,901,1
901,898,1
898,897,2
897,896,1
896,895,2
895,894,4
894,893,1
893,892,1
892,891,1
891,890,1
890,889,1
889,888,1
888,887,1
887,786,1
786,902,9
902,903,7
903,904,1
904,905,2
905,906,2
906,907,2
907,908,2
908,909,2
909,910,2
910,907,2
907,906,2
906,905,2
905,904,2
904,903,3
903,902,14
902,786,13
902,911,2
911,912,1
912,913,4
913,914,4
914,915,11
915,916,8
916,917,4
917,917,5
917,918,5
918,919,5
919,920,5
920,921,5
921,614,5
614,917,5
917,922,5
922,923,5
923,914,5
914,903,8
889,891,1
900,902,1
902,924,1
924,904,1
903,925,3
925,926,3
926,927,3
927,928,1
928,922,1
922,917,1
843,515,4
515,929,3
929,930,3
930,931,3
931,515,3
515,758,4
752,750,14
750,932,14
932,786,11
903,912,3
786,932,14
932,750,17
750,752,18
752,758,7
758,515,7
515,933,8
933,843,9
689,934,1
934,935,1
935,936,1
936,937,1
937,938,1
938,939,1
939,940,1
940,941,3
941,942,3
942,943,3
943,944,1
944,945,1
945,946,1
946,86,1
86,710,2
710,947,1
947,948,1
948,949,4
949,950,4
950,951,2
951,952,2
952,953,2
953,954,1
954,955,1
955,956,2
956,955,2
955,957,1
957,958,2
958,959,2
959,960,2
960,954,2
954,961,2
961,952,2
952,962,2
962,963,2
963,964,2
964,965,2
965,754,2
693,964,1
964,966,1
966,967,1
967,963,1
963,962,1
962,952,1
952,961,1
961,954,1
954,968,1
968,959,1
959,958,1
958,957,1
957,955,1
955,954,1
954,953,1
953,952,1
952,969,1
969,970,1
970,971,1
971,972,1
972,950,1
950,86,2
753,940,2
943,973,2
973,974,1
974,975,1
975,976,1
976,753,1
744,977,1
977,764,1
764,978,3
978,979,3
979,980,3
980,981,3
981,982,1
982,983,1
983,984,3
984,985,3
985,986,4
986,759,4
86,86,10
759,986,4
986,985,4
985,984,3
984,983,3
983,982,1
982,981,1
981,980,1
980,987,1
987,978,1
978,764,3
764,988,3
988,744,3
864,690,1
690,989,2
989,990,3
990,991,2
991,992,2
992,993,2
993,994,2
994,995,2
995,818,1
818,996,6
996,997,6
997,998,6
998,848,3
848,999,1
999,721,2
721,1000,3
1000,1001,1
1001,1001,4
1001,1000,4
1000,721,4
721,999,1
999,848,1
848,998,4
998,997,1
997,996,1
996,818,4
866,86,2
863,1002,2
1002,1003,2
1003,1004,2
1004,1003,2
1003,989,2
989,866,2
848,1005,2
1005,721,2
1000,998,2
998,1006,2
1006,1001,3
721,1005,3
1005,848,3
998,1007,3
1007,996,3
866,989,3
989,1003,3
1003,824,3
824,1008,3
1008,862,4
863,86,6
1001,1009,1
1009,1010,1
1010,1011,1
1011,1011,1
1011,1010,1
1010,1009,1
1009,1001,1
828,1012,5
1012,1013,4
1013,1014,3
1014,1015,3
1015,1013,3
1013,1012,4
1012,828,4
828,1016,3
1016,1017,3
1017,817,7
1012,819,1
819,1018,5
1018,818,5
819,693,4
693,1019,1
1019,825,1
820,1020,3
1020,819,5
819,1017,2
1012,721,1
721,1021,1
1021,999,1
721,1012,1
828,817,1
870,1022,1
1022,1023,1
1023,989,1
989,818,2
818,817,3
1013,1015,1
1015,1014,1
1014,998,1
998,818,3
998,1014,1
1014,1013,1
843,1024,8
1024,515,8
515,1025,6
1025,1026,8
1026,1027,8
1027,100,8
77,191,4
191,106,2
106,1028,2
1028,152,25
152,63,7
63,190,7
599,77,5
100,1029,7
1029,515,7
515,1024,6
1024,933,6
77,678,1
678,639,1
639,77,4
754,1030,2
1030,1031,1
1031,1032,1
1032,754,1
86,818,2
818,1033,2
1033,1034,2
1034,1035,2
1035,1036,2
1036,866,2
866,865,1
865,1037,1
1037,1038,1
1038,1039,1
1039,1040,1
1040,818,1
815,829,2
829,691,2
691,812,1
691,829,1
829,1041,1
1041,1042,1
1042,813,1
813,815,1
815,1017,2
818,1040,2
1040,1037,2
1037,1043,2
1043,1044,2
1044,865,1
865,690,1
690,1008,1
690,693,1
753,1045,1
1045,1031,1
1031,1030,1
1030,1046,3
1046,950,1
693,819,1
819,818,1
1036,1047,1
1047,989,1
817,1017,2
1017,815,1
829,815,1
1044,989,1
990,1036,1
866,1048,1
1048,1049,1
1049,693,1
86,954,1
954,1050,1
1050,1046,1
1046,86,1
786,1051,3
1051,903,1
903,1052,1
1052,908,1
908,910,1
910,1053,1
1053,904,1
903,1051,1
1051,786,1
786,1054,1
1054,736,1
736,771,2
736,739,1
727,1055,1
1055,1056,1
1056,724,1
724,1057,1
1057,1058,1
1058,1059,1
1059,1060,1
1060,1061,1
1061,722,1
722,1062,2
1062,1063,1
1063,1064,1
1064,820,1
812,819,2
819,1020,1
1020,820,1
820,1063,1
1063,1062,1
1062,1060,1
1060,722,1
1062,723,1
723,1065,1
1065,724,1
724,1066,1
1066,731,2
731,726,2
726,739,2
739,736,1
736,1054,1
1054,786,2
1051,904,1
904,1053,1
1053,910,1
910,908,1
908,906,1
906,1053,1
1053,1067,1
1067,903,1
903,914,7
915,1068,3
1068,922,2
922,1069,3
1069,1070,3
1070,914,4
902,900,2
900,899,3
899,898,3
898,895,2
894,786,2
689,1071,1
1071,1062,1
1062,720,4
720,1020,1
693,1057,1
1057,826,1
826,1072,1
1072,1073,2
1073,1074,1
1074,1075,1
1075,1076,1
1076,820,2
820,720,1
720,1062,3
1062,1071,1
1071,1061,1
1061,720,1
722,689,1
689,724,1
724,1056,1
1056,1055,1
1055,1066,1
739,1054,1
911,903,1
1068,1069,1
1069,922,1
922,1070,1
914,911,1
911,902,1
1077,18,2
18,1078,2
1078,1077,2
1077,780,2
780,780,2
780,1079,2
1079,1080,2
1080,775,2
775,1080,2
1080,1079,2
1079,780,2
780,912,2
912,1081,2
1081,780,2
780,1077,2
1077,1082,2
1082,1083,2
1083,512,2
512,1077,2
775,1084,1
1084,1085,1
1085,1086,1
1086,1087,1
1087,784,1
820,1019,1
1019,1020,2
819,1088,1
1088,817,1
1017,819,1
826,1019,1
829,819,1
786,1089,3
1089,1090,1
1090,1091,1
1091,786,1
693,1092,4
1092,1093,4
1093,1094,4
1094,711,4
711,1095,4
1095,1096,3
1096,1064,3
1064,1097,3
1097,1062,3
720,1059,3
1059,722,3
722,1058,3
1058,1098,3
1098,1099,2
1099,1057,2
1057,1100,2
1100,1098,2
1098,1058,2
1058,722,2
722,1059,2
1059,720,2
1062,1097,2
1097,1064,2
1064,1096,2
1096,1095,2
1095,711,5
711,693,6
1098,1101,1
1101,1073,1
1073,812,1
812,812,1
812,1073,1
1073,1101,1
1101,1098,1
1098,1100,1
1100,1102,1
1102,1072,1
1072,507,1
507,1103,1
1103,928,1
928,1104,1
1104,1105,5
1105,1106,5
1106,1107,5
1107,1103,1
1103,507,1
507,1072,1
1072,1108,3
1108,1101,3
1101,1109,3
1109,1110,3
1110,1111,3
1111,1073,3
1073,1072,3
1072,820,3
820,1095,3
1095,820,1
820,1072,1
1073,1109,1
1109,1101,1
1101,1108,1
1108,1072,1
1072,1112,1
1112,1103,2
1103,1113,2
1113,1114,2
1114,1107,1
1107,1106,1
1106,1105,1
1105,1104,1
1104,1115,1
1115,1116,2
1116,1117,2
1117,1118,2
1118,1112,5
1112,1072,2
1103,1119,1
1119,1112,1
1112,1115,1
1112,1104,4
1107,1114,4
1114,1113,2
1113,1103,2
1103,1112,1
746,1120,2
1120,747,2
747,1121,2
1121,886,2
77,600,3
601,75,9
75,1122,10
1122,1123,10
1123,104,10
104,614,23
809,1124,8
1124,374,40
374,615,48
600,571,3
571,639,5
103,101,2
515,1029,2
1029,1025,2
75,72,13
72,571,3
786,807,2
807,786,5
916,1125,4
1125,922,4
922,927,5
927,926,5
926,925,5
925,903,5
1089,786,1
1089,726,1
726,786,1
927,922,2
753,753,2
1126,1127,1
1127,1128,1
1128,1129,1
1129,1130,1
1130,1127,1
1127,1131,3
1131,1132,2
1132,1133,2
1133,1134,6
1134,1135,6
1135,1136,11
1136,1137,11
1137,1138,7
1138,1139,19
1139,1140,1
1140,386,1
386,187,10
187,1141,44
1141,63,44
63,78,22
67,75,8
75,601,8
601,190,9
190,153,11
155,187,21
187,1139,22
1139,386,1
386,1140,1
1140,1139,1
1139,1138,22
1138,1142,15
1142,1143,13
1143,1144,15
1144,1145,18
1145,1135,10
1135,1134,4
1134,1133,4
1133,1146,1
1146,1147,1
1147,1131,1
1131,1127,2
1127,1130,5
1130,1129,1
1129,1128,1
1128,1148,1
1148,1126,1
217,1149,3
1149,1150,3
1150,1151,3
1151,1152,3
1152,1149,3
1149,1153,3
1153,1154,3
1154,1155,3
1155,1156,3
1156,1157,3
1157,1158,3
1158,1159,3
1159,1160,3
1160,1161,3
1161,1162,3
1162,1163,3
1163,1135,6
1137,1143,4
1143,1164,8
1164,1165,5
1165,1166,5
1166,1167,3
1167,1168,3
1168,1139,3
1139,187,23
78,1028,22
1138,1169,3
1169,1170,3
1170,1166,3
1166,1165,3
1165,1164,3
1164,1143,3
1135,1163,6
1163,1162,3
1162,1161,3
1161,1160,3
1160,1159,3
1159,1158,3
1158,1157,3
1157,1156,3
1156,1155,3
1155,1149,3
1149,1152,3
1152,1151,3
1151,1150,3
1150,1149,3
1149,217,3
217,1171,5
1171,1172,3
1172,1173,3
1173,1174,3
1174,217,3
217,217,3
1159,1175,1
1175,1176,1
1176,1177,1
1177,1175,1
1175,1159,1
1178,1082,3
1082,1179,3
1179,1180,4
1180,1181,2
1181,1182,2
1182,1183,4
1183,1184,3
1184,1185,1
1185,703,1
699,1186,4
1186,1144,14
1145,1187,9
1187,1142,4
1142,1138,5
1144,1186,9
1186,699,4
703,1185,1
1185,1184,1
1184,1183,1
1183,1182,4
1182,1180,4
1180,1179,5
1179,1188,1
1188,512,1
512,108,4
108,1082,4
1082,1189,4
1189,1178,4
1180,1182,2
1184,703,2
702,700,4
698,1186,5
65,615,19
615,375,6
294,67,14
67,780,43
780,1190,44
1190,157,2
157,1191,15
1191,1192,15
1192,187,14
1186,698,5
700,702,5
703,1183,3
1179,512,3
1183,703,1
1139,1193,8
1193,1194,7
1194,1195,1
1195,1196,5
1196,1139,5
1197,1198,6
1198,1179,6
1179,1182,1
781,1199,3
1199,479,3
479,1200,3
1200,1201,2
1201,1179,3
1179,1198,7
1198,1202,4
1202,1203,4
1203,1204,4
1204,1205,5
1205,1206,4
1206,1207,4
1207,1208,5
1208,1209,5
1209,1210,5
1210,698,5
702,1211,3
1211,700,3
1187,1136,3
1136,1143,3
1143,1212,3
1212,1213,3
1213,1214,3
1214,1138,3
64,61,22
64,67,6
1190,1215,18
1215,157,15
1164,1214,3
1214,1216,3
1216,1212,3
1212,1144,3
700,1211,3
1211,702,3
698,1210,6
1210,1209,5
1209,1208,5
1208,1207,5
1207,1205,3
1205,1204,5
1204,1203,4
1203,1202,4
1202,1198,4
1198,1201,2
1201,1200,2
1200,479,3
479,1199,3
1199,781,3
1200,1217,1
1217,1201,1
62,64,1
64,72,28
72,78,10
78,293,40
294,1190,1
1207,1206,2
1206,1205,2
1179,1201,1
1201,999,1
999,108,1
108,1217,1
1217,1200,1
1218,1219,3
1219,1220,2
1220,1221,1
1221,1222,1
1222,1223,3
1223,1224,3
1224,1225,2
1225,1226,2
1226,1227,3
1227,1228,3
1228,1229,4
1229,1230,4
1230,1201,3
1201,1197,5
1198,1204,2
1187,1137,2
1166,1231,2
1231,1139,2
67,152,4
1204,1198,2
1198,1197,5
1197,1201,5
1201,1230,3
1230,1229,6
1229,1228,5
1228,1227,3
1227,1226,3
1226,1224,3
1224,1232,2
1232,1222,2
1222,1220,2
1220,1219,2
1219,1218,2
753,1030,1
1046,1233,3
1233,1234,3
1234,1046,3
1046,1235,3
1235,1236,3
1236,1237,3
1237,1238,3
1238,1239,3
1239,708,3
709,1237,4
1237,948,4
950,1046,2
1046,1030,2
1030,1240,2
1240,933,2
933,754,2
973,1046,1
953,956,1
956,957,1
862,871,1
871,690,1
990,1034,1
1034,1241,1
1241,1242,1
1242,990,1
995,1243,1
1243,1244,1
1244,1245,1
1245,1246,1
1246,818,1
818,928,2
928,1247,2
1247,992,2
992,818,2
818,995,2
995,994,2
994,993,2
993,992,2
992,991,2
991,990,2
990,1242,2
1242,1241,2
1241,1034,2
1034,990,2
990,989,2
989,690,4
690,871,2
985,1248,1
1248,1249,1
1249,1250,1
1250,982,1
982,1251,1
1251,744,1
763,982,1
982,1252,1
1252,1249,1
1249,1248,1
1248,985,1
689,689,1
1253,1254,2
1254,1255,3
1255,1256,3
1256,386,3
386,1256,3
1256,1255,3
1255,1254,3
1254,1253,2
1254,818,1
818,1255,1
1255,1253,1
1253,818,1
818,1254,1
753,1257,1
1257,515,1
749,1258,1
1258,1259,1
1259,1260,1
1260,1261,1
1261,1262,1
1262,1263,1
1263,1264,1
1264,1265,1
1265,1266,1
1266,1261,2
1261,1260,1
1260,1259,1
1259,1258,1
1258,749,1
515,1267,1
1267,513,1
513,1268,1
1268,1269,1
1269,77,1
77,1270,1
1270,847,1
515,678,5
75,61,4
61,190,1
190,1271,1
1271,61,4
61,515,4
854,1272,1
1272,856,1
515,1273,1
1273,933,1
750,1274,1
1274,1275,1
1275,1276,1
1276,1277,1
1277,1278,1
1278,1279,1
1279,1280,1
1280,654,1
796,1281,1
1281,797,1
801,1282,1
1282,786,1
1051,797,1
797,1283,1
1283,802,1
797,1281,1
1281,796,1
654,1279,1
1279,1278,1
1278,1277,1
1277,1276,1
1276,751,1
751,1284,1
1284,884,1
884,750,1
693,1285,1
1285,100,1
100,1286,1
1286,1026,1
1026,99,1
90,1287,1
1287,386,1
1020,693,1
693,1049,1
1049,1048,1
1048,866,1
689,688,7
948,86,1
92,386,1
386,89,4
94,97,1
99,1286,1
1286,100,1
100,1285,1
1285,693,1
689,723,2
723,1098,3
1098,1116,3
1116,1118,3
1112,512,3
512,1056,3
1056,1288,3
1288,1289,3
1289,1289,7
1289,1288,3
1288,1056,3
1056,512,3
512,1112,3
1114,1112,3
1112,1118,3
1118,1116,3
1116,1098,3
1098,723,3
723,689,2
86,807,3
689,705,1
714,716,1
716,714,1
1103,1290,1
1290,1291,1
1291,1290,1
1290,1103,1
1158,1292,4
1292,1293,6
1293,1294,6
1294,1295,8
1295,1296,8
1296,1297,6
1297,1298,9
1298,1299,6
1299,386,6
64,74,12
274,1300,13
1300,1301,13
1301,1302,9
1302,1303,9
1303,1304,8
1304,1301,8
1301,1305,6
1305,1306,6
1306,1307,6
1307,1308,5
1308,1309,6
1309,1310,6
1310,1311,6
1311,1312,6
1312,1313,6
1313,1312,6
1312,1311,4
1311,1310,5
1310,1314,5
1314,1315,5
1315,1309,5
1309,1308,5
1308,1307,4
1307,1301,5
1301,274,25
272,1316,13
1316,294,13
61,599,17
599,78,17
154,187,4
187,1298,5
1298,1297,7
1297,1296,4
1296,1295,4
1295,1294,4
1294,1293,4
1293,1292,4
1292,1317,4
1317,1318,4
1318,1319,4
1319,1320,4
1320,1158,4
1158,1158,23
1158,1321,2
1321,1317,2
1317,1292,2
274,1301,10
64,1028,1
294,105,7
105,64,8
1301,1322,15
1322,1323,16
1323,1322,17
1322,1301,15
1307,1324,1
1324,1325,1
1325,1326,1
1326,1327,1
1327,1328,1
1328,1325,1
1325,1329,2
1329,1330,2
1330,1331,2
1331,1332,1
1332,1333,1
1333,1308,1
1308,1333,1
1333,1332,1
1332,1331,1
1331,1330,1
1330,1329,1
1329,1325,1
1325,1334,1
1334,1335,1
1335,1336,1
1336,1307,1
1337,1338,3
1338,1339,2
1339,1340,2
1340,1341,3
1341,1342,3
1342,1343,2
1343,1297,2
1298,1158,3
1158,187,5
1301,1344,1
1344,1345,7
1345,1346,2
1346,1347,7
1347,1346,6
1346,1348,1
1348,1349,1
1349,1345,1
1346,1350,1
1350,1351,1
1351,1301,17
1297,1343,3
1343,1342,3
1342,1341,3
1341,1340,3
1340,1352,2
1352,1338,1
1338,1337,3
1337,1353,3
1353,1354,3
1354,1355,1
1355,1356,1
1356,1357,1
1357,1354,1
1354,1353,3
1353,1337,3
1358,1359,2
1359,1360,2
1360,1361,2
1361,1362,2
1362,1363,6
1363,1364,5
1364,1365,2
1365,1138,2
274,1366,19
1366,1367,16
1367,1368,6
1368,276,4
276,1369,6
1369,1370,6
1370,1371,4
1371,1372,2
1372,1373,2
1373,1374,2
1374,1375,2
1375,1376,2
1376,1377,2
1377,1378,2
1378,1379,2
1379,1380,2
1380,1381,2
1381,1382,2
1382,1383,2
1383,1384,2
1384,1381,2
1381,1380,2
1380,1385,2
1385,1376,2
1376,1375,2
1375,1374,2
1374,1373,2
1373,1372,2
1372,1371,2
1371,1370,9
1370,386,12
386,274,6
1142,1362,3
1364,1360,2
1360,1359,2
1359,1358,2
1358,1386,1
1386,1387,1
1387,1388,1
1388,1358,1
1389,1389,8
1389,1390,4
1390,1133,5
1133,1391,4
1391,1392,4
1392,1393,4
1393,1127,4
1130,1133,4
1368,1394,2
1394,276,2
276,1371,7
1371,1395,2
1395,1396,9
1396,1379,4
1379,1397,4
1397,1398,3
1398,1399,1
1399,1400,1
1400,1401,1
1401,1402,2
1402,1403,3
1403,1404,5
1404,1402,4
1402,1401,1
1401,1405,3
1405,1398,1
1398,1397,1
1397,1379,3
1379,1396,3
1396,1395,7
1395,1406,7
1406,1371,7
1133,1407,2
1407,1127,2
1127,1393,2
1393,1392,2
1392,1391,2
1391,1133,2
1133,1390,3
1390,1389,2
1398,1405,2
1405,1401,4
1401,1408,3
1408,1409,3
1409,1396,2
1396,1410,2
1410,1411,1
1411,1412,4
1412,1413,4
1413,1414,4
1414,1415,4
1415,1416,1
1416,1417,3
1417,1411,4
1411,1410,1
1410,1409,2
1409,1418,3
1418,1419,2
1419,1403,2
1368,1420,2
1420,1368,3
1371,1406,7
1406,1395,7
1418,1421,1
1421,1422,1
1422,1423,1
1423,1424,1
1424,1419,1
1402,1419,2
1419,1424,1
1424,1421,1
1421,1418,1
1418,1409,2
1401,1425,1
1425,1426,1
1426,1401,1
1427,1428,7
1428,1429,6
1429,1430,4
1430,1431,4
1431,1432,4
1432,1433,4
1433,1434,4
1434,1435,4
1435,1436,4
1436,1437,4
1437,1438,4
1438,1439,4
1439,1440,4
1440,1441,5
1441,859,6
859,857,6
857,1442,9
1442,1443,7
1443,855,7
855,1272,4
1272,854,4
854,1444,4
1444,1272,4
1272,855,4
855,1445,2
1445,18,3
18,1431,3
1431,1430,5
1430,1429,5
1429,1428,7
1428,1427,7
1428,1446,7
1446,1447,4
1447,861,4
861,1448,4
1448,1449,1
1449,1450,1
1450,1450,1
1450,1449,1
1449,1448,1
1448,1451,4
1451,1452,4
1452,1453,4
1453,1447,4
1447,1446,4
1446,1428,7
1428,1454,4
1454,1455,4
1455,1456,4
1456,1429,4
1429,1457,4
1457,1458,4
1458,1459,6
1459,1431,4
1431,1460,4
1460,1461,4
1461,1462,4
1462,1463,4
1463,1445,1
1446,1464,3
1464,1465,3
1465,1466,3
1466,1446,3
1463,855,4
855,1431,2
1440,1442,1
855,1463,4
1463,1462,5
1462,1461,5
1461,1460,5
1460,1431,3
1431,1459,3
1459,1458,3
1458,1457,3
1457,1429,3
1429,1456,3
1456,1455,3
1455,1454,3
1454,1428,3
1467,1468,3
1468,1448,3
1463,1469,1
1469,1470,1
1470,1471,1
1471,1459,1
1459,855,1
855,1443,3
1443,1472,3
1472,857,3
1442,1440,3
1440,860,1
386,847,5
847,1473,1
1473,1474,1
1474,1475,1
1475,1476,1
1476,1477,1
1477,850,1
850,1478,1
1478,77,1
77,1478,1
1478,850,1
850,1477,1
1477,1474,1
1474,1473,1
1473,848,1
848,386,4
386,345,4
386,860,7
860,1438,3
1438,1441,3
855,1459,1
1459,1463,3
1448,1468,3
1468,1467,3
1479,1139,11
1194,1480,5
1480,1481,5
1481,848,4
848,1482,4
1482,1483,4
1483,1484,4
1484,1485,4
1485,1482,3
1482,1486,3
1486,1487,4
1487,1488,4
1488,1489,4
1489,1490,4
1490,1491,3
1491,1492,3
1492,1493,3
1493,1494,3
1494,1495,3
1495,1496,3
1496,157,3
157,1141,38
1141,64,27
575,117,7
61,74,2
74,1497,2
1497,810,2
810,574,5
780,1215,1
1215,1498,3
1498,1496,3
1496,1495,3
1495,1499,3
1499,1490,3
1490,1489,4
1489,1488,4
1488,1500,3
1500,1486,3
1486,1482,3
1482,1485,3
1485,1484,4
1484,1483,4
1483,1482,4
1482,1501,4
1501,1481,4
1481,1502,3
1502,1503,10
1503,1504,9
1504,1479,4
1497,574,1
1429,1455,2
1455,1458,2
1441,857,2
857,307,2
515,61,2
61,678,4
75,1271,3
307,851,2
851,326,2
326,1505,2
1505,1506,2
1506,162,2
1460,1455,2
1455,1429,2
695,1507,5
1507,1508,7
1508,1509,7
1509,1510,7
1510,1511,7
1511,1512,7
1512,695,7
695,695,7
695,244,4
187,1513,7
1513,157,7
157,1514,5
1514,1515,5
1515,187,8
67,65,10
75,74,13
74,152,12
152,65,12
67,1190,7
1190,1516,47
1516,157,44
157,1515,7
1515,1517,4
1517,157,4
161,1518,10
1518,1519,5
1519,1520,8
1520,1521,7
1521,1522,8
1522,1523,8
1523,1512,8
1512,1524,8
1524,1525,4
1525,1507,4
695,1525,2
1525,1524,4
1524,1512,4
1512,1519,4
1520,1526,1
1526,1521,1
1524,1526,4
1526,244,4
1507,1525,2
574,153,2
153,107,25
107,153,4
161,1527,5
1527,244,3
244,695,5
1528,1529,2
1529,258,2
258,1530,2
1530,258,2
258,1531,3
1531,1532,3
1532,1533,2
1533,1534,2
1534,1535,2
1535,1536,2
1536,1537,2
1537,1518,2
1518,1538,2
1538,1539,1
1539,1540,1
1540,1518,5
1518,161,5
157,154,1
1518,1537,2
1537,1536,2
1536,1535,2
1535,1534,2
1534,1533,2
1533,250,3
250,1531,3
1531,258,3
258,1541,3
1541,1542,3
1542,1528,2
1158,169,1
163,244,3
244,1530,2
1530,1543,1
1543,1533,1
1542,1544,5
1544,1545,1
1545,1546,1
1546,1547,1
1547,1548,3
1548,1545,1
1545,1544,1
1544,1542,5
1532,1530,1
1530,244,2
244,163,3
163,170,4
170,169,1
169,1158,1
1549,1550,3
1550,1551,3
1551,1552,3
1552,1553,3
1553,1554,3
1554,1481,3
1481,1516,5
614,810,3
810,1555,3
1555,1556,3
1556,117,3
23,1557,3
1557,21,3
21,31,3
31,23,3
1516,1558,5
1558,1481,3
1481,1559,3
1559,1560,3
1560,1554,3
1554,1553,3
1553,1550,3
1550,1549,3
74,65,1
1516,1481,8
1561,1562,3
1562,1563,3
1563,1551,3
1551,1554,3
1554,1564,3
1564,1488,3
1488,1565,3
1565,1566,3
1566,1567,4
1567,1500,3
1500,1568,3
1568,1569,3
1569,1516,5
837,1570,4
1570,838,4
839,1571,5
1571,839,5
838,1572,4
1572,1573,3
1573,1574,2
1574,1573,2
1573,579,3
579,66,12
1481,1481,4
1481,1575,3
1575,1566,4
1566,1565,3
1565,1576,3
1576,1481,3
1481,1577,3
1577,1139,3
1139,1562,3
1562,1561,3
1516,1578,1
1578,1558,1
1516,1516,39
1516,1579,2
1579,1580,2
1580,1581,2
1581,1582,13
1582,1516,13
61,1583,2
1583,1584,2
1584,1585,2
1585,1586,2
1586,1587,2
1587,1588,2
1588,114,2
117,918,9
918,575,13
1516,1589,10
1589,1590,5
1590,1516,13
1516,1591,2
1591,1592,2
1592,1593,2
1593,1594,2
1594,1581,2
1581,1580,2
1580,1595,2
1595,1569,3
1596,1597,2
1597,1598,2
1598,1599,2
1599,1600,2
1600,1601,2
1601,1602,2
1602,1603,2
1603,1139,7
1139,1604,7
1604,1605,5
1605,1606,2
1606,1513,4
1513,187,9
22,1607,2
1607,37,2
37,30,3
117,1608,3
1608,65,3
1215,1191,1
1192,157,1
157,187,1
187,1605,6
1605,1513,7
1513,1609,4
1609,1610,4
1610,1611,4
1611,1195,4
1139,1612,3
1612,1613,3
1613,1614,1
1614,1615,1
1615,1502,4
1502,1616,3
1616,1617,3
1617,1599,3
1599,1598,3
1598,1597,3
1597,1596,3
1596,1618,3
1618,1619,3
1619,1620,3
1620,1621,5
1621,1622,3
1622,1623,3
1623,1619,3
1619,1618,3
1618,1596,3
600,75,3
1613,1615,3
837,837,3
841,65,3
187,1158,5
187,183,1
183,1624,1
1624,1625,1
1625,187,1
1626,1627,6
1627,1628,6
1628,1629,9
1629,1630,9
1630,1626,9
1626,1631,9
1631,1632,6
1632,1633,6
1633,1634,2
1634,1635,1
1635,1636,1
1636,1637,2
1637,1638,6
1638,1639,1
1639,182,6
647,1640,2
1640,1641,1
1641,645,1
645,651,1
651,1642,1
1642,645,1
645,1641,1
1641,1640,1
1640,647,1
647,641,5
641,1643,3
1643,640,7
640,1643,8
1643,427,4
159,1644,6
1644,1645,6
1645,1638,7
1638,1637,7
1637,1646,7
1646,1647,8
1647,1631,11
1631,1626,10
1633,1637,6
1638,1644,5
1644,1648,5
1648,1639,5
153,599,14
632,635,7
635,1649,5
1649,1650,5
1650,1651,4
1651,579,3
66,579,10
579,1652,4
1652,579,4
579,1653,4
1653,1654,6
1654,635,6
635,683,8
683,682,6
682,1655,5
1655,635,5
575,918,5
918,104,5
1626,1329,3
1329,1628,3
1650,1656,1
1656,1653,1
682,1656,1
1656,684,1
159,1645,1
1651,1657,1
1657,1658,1
1658,1659,1
1659,1660,1
1660,1653,1
75,571,2
571,573,1
1661,1662,3
1662,1663,2
1663,1664,2
1664,1493,2
1493,1665,2
1665,1666,2
1666,1490,2
1490,1606,2
641,1667,3
1667,647,3
647,1668,2
1668,1669,2
1669,1668,2
1668,647,2
153,155,1
1605,1490,2
1490,1493,1
1493,1664,1
1664,1663,1
1663,1662,1
1662,1661,1
1662,1500,1
1500,1670,1
1670,1671,1
1671,1661,1
1640,1668,1
647,1667,1
1667,641,1
1191,1672,2
1672,1673,2
1673,1513,2
1513,1674,2
1674,1675,2
1675,187,2
65,571,1
571,75,1
1479,1676,8
1676,1677,8
1677,1503,7
1503,1616,5
1616,1678,3
1678,1613,3
1613,1679,3
1679,1621,1
1621,1267,1
1267,1680,1
1680,1681,1
1681,187,1
187,1682,1
1682,184,1
184,1683,1
1683,158,1
158,1684,1
1684,1685,3
1685,1686,3
1686,1687,1
1687,515,1
539,539,2
149,676,10
676,1688,4
1688,676,4
676,548,1
541,1689,1
1689,1690,1
1690,131,1
131,1691,5
1691,1692,7
1692,1693,7
1693,1694,5
1694,542,2
427,640,5
640,1695,14
1695,427,12
542,1694,1
1694,1693,1
1693,1692,5
1692,1691,5
1691,131,1
131,1690,1
1690,1689,1
1689,541,1
548,676,2
677,1696,2
1696,1697,2
1697,150,7
151,1698,4
1698,1699,4
1699,520,4
538,1700,1
1700,597,1
597,1701,6
1701,158,1
158,183,1
183,1681,1
1681,1702,1
1702,1603,1
1603,1687,1
1687,1613,1
1703,1677,1
1677,1704,1
1704,1705,1
1705,1503,1
1503,1479,6
1676,1706,1
1706,1601,1
1601,1707,1
1707,1503,1
1616,1708,2
1708,1615,2
1615,1709,2
1709,1194,2
1194,1710,1
1710,1611,1
1611,1610,1
1610,1609,1
1609,1513,1
77,1711,3
1711,557,3
452,454,3
454,1712,1
1712,1713,1
1713,1714,1
1714,1710,1
1710,553,1
553,1715,1
1715,1714,1
1714,1713,1
1713,553,1
553,1716,1
1716,1712,1
1712,454,1
454,452,1
454,557,2
557,1711,3
1711,77,3
1139,1502,1
1503,1706,1
1706,1676,1
1677,1703,1
1703,1717,1
1717,1718,1
1718,1703,1
1719,1720,3
1720,1721,3
1721,1722,3
1722,1481,1
560,1723,1
1723,1724,1
1724,561,1
561,560,1
560,1725,1
1725,1726,1
1726,1727,1
1727,1728,1
1728,1729,1
1729,1730,1
1730,1726,1
1726,1731,1
1731,147,1
77,563,1
563,1732,1
1732,1733,1
1733,539,1
272,1516,13
1481,1734,2
1734,1735,1
1735,1736,1
1736,1737,1
1737,1738,1
1738,1739,1
1739,1740,1
1740,1721,1
1721,1720,2
1720,1719,1
1719,1741,1
1741,1742,1
1742,1743,1
1743,1719,1
1744,1745,5
1745,1746,4
1746,702,2
702,1747,5
1747,1748,8
1748,1749,8
1749,1748,8
1748,1750,4
1750,248,4
248,245,6
246,1750,4
1750,1748,4
1748,1747,8
1747,702,3
702,1744,2
1747,1751,3
1751,1752,3
1752,1745,5
1745,1753,3
1753,1754,2
1754,1755,2
1755,1756,2
1756,1757,2
1757,702,2
1758,1759,2
1759,1760,2
1760,1761,2
1761,1762,1
1762,1763,1
1763,247,2
155,153,1
247,1763,2
1763,1762,2
1762,1761,2
1761,1760,2
1760,1759,2
1759,1390,2
1390,1748,3
1748,1758,2
1745,1752,3
1752,1563,2
1563,1747,2
245,163,2
163,245,2
1747,1563,3
1563,1752,3
1746,734,2
734,1744,2
1761,1763,1
1764,1544,4
1542,1765,4
1765,1545,4
1545,1530,4
1530,1542,4
1542,1766,1
1766,1540,1
1540,244,2
107,75,7
244,1767,3
1767,1518,3
1518,1540,6
1540,1766,1
1766,1542,1
1542,1530,4
1530,1768,4
1768,1769,4
1769,1545,4
1545,1765,4
1765,1542,4
1544,1770,4
1770,1771,4
1771,1764,4
1542,1772,2
1772,258,2
258,244,2
244,258,2
258,1772,2
1772,1542,2
1542,1541,1
1541,258,1
1538,1540,1
155,188,1
188,156,1
1773,1747,1
1748,1774,1
1774,1775,1
1775,1776,1
1776,1777,1
1777,1778,1
1778,1779,1
1779,1780,1
1780,1781,1
1781,696,1
696,1781,1
1781,1782,1
1782,1783,1
1783,1780,1
1780,1779,1
1779,1778,1
1778,1777,1
1777,1776,1
1776,1775,1
1775,1774,1
1774,1748,1
1752,1773,1
1784,1785,3
1785,1786,3
1786,1787,3
1787,1788,2
1788,1789,3
1789,1790,3
1790,1791,3
1791,1792,5
1792,1793,5
1793,1794,5
1794,1795,5
1795,1791,6
1791,1796,4
1796,386,3
306,386,4
1366,1797,2
1797,1798,2
1798,1799,11
1799,1800,11
1800,1801,11
1801,1802,6
1802,1803,5
1803,1804,5
1804,1801,5
1801,1800,10
1800,1799,10
1799,1798,10
1798,1805,11
1805,1366,11
1366,1806,12
1806,1807,12
1807,274,12
274,274,323
1527,930,2
930,386,2
386,1796,2
1796,1791,2
1791,1790,3
1790,1789,3
1789,1788,3
1788,1787,2
1787,1786,3
1786,1785,3
1785,1784,3
1808,1809,1
1809,1810,2
1810,1811,2
1811,1540,3
293,1812,10
1812,1813,2
1813,1814,2
1814,1815,2
1815,1816,2
1816,1817,2
1817,1818,2
1818,1819,2
1819,1820,2
1820,1821,2
1821,1822,2
1822,1823,2
1823,1818,2
1818,1821,2
1821,1820,2
1820,1819,2
1819,1818,2
1818,1824,2
1824,1817,2
1817,1816,2
1816,1813,2
1813,1812,2
1812,293,12
1540,1811,3
1811,1810,1
1810,1809,1
1809,1808,1
1808,345,2
345,1825,2
1825,1826,2
1826,1827,2
1827,1828,2
1828,1808,2
1808,1829,1
1829,1540,1
1540,1830,1
1830,1831,1
1831,1767,1
1767,919,1
919,1832,1
1832,1833,1
1833,1767,1
1767,1834,1
1834,1526,1
1526,1519,1
1519,1518,1
1519,1526,1
1526,1834,1
1834,1767,1
1767,1833,1
1833,1832,1
1832,919,1
919,1767,1
1767,1831,1
1831,1830,1
1830,1540,1
1540,1829,2
1829,1808,2
1547,1835,2
1835,1836,2
1836,1837,2
1837,1838,2
1838,1839,2
1839,1840,2
1840,1841,2
1841,1547,2
1548,1811,2
106,1842,40
1842,71,36
71,1843,22
1843,1844,21
1844,1845,21
1845,1846,26
1846,1847,15
1847,1322,13
1322,1848,13
1848,1323,13
1323,1849,14
1849,1813,3
1813,1850,2
1850,1815,2
1815,1851,4
1851,1852,2
1852,1853,2
1853,1821,2
1821,1854,2
1854,1855,2
1855,1817,2
1817,1817,5
1817,1856,2
1856,1857,2
1857,1858,2
1858,1857,2
1857,1859,2
1859,1860,5
1860,1861,2
1861,1857,2
1857,1862,6
1862,1817,3
1817,1855,3
1855,1854,3
1854,1821,3
1821,1853,3
1853,1852,3
1852,1851,3
1851,1815,5
1815,1814,3
1814,1813,3
1813,1863,7
1863,1864,14
1864,1323,15
1323,1848,14
1848,1322,14
1322,1847,16
1847,1846,16
1846,1845,24
1845,290,24
1811,1548,2
1548,1547,2
1808,1828,1
1828,1865,1
1865,1828,1
1828,1809,1
1811,1838,1
1838,1837,1
1837,1836,1
1836,1835,1
1835,1547,1
1866,1867,18
1867,1516,27
1516,1190,17
1190,1868,17
1868,105,17
105,1869,8
1869,1869,1
1869,1870,14
1870,1871,14
1871,1872,9
1872,1871,9
1871,64,4
67,1868,15
1868,1190,15
1516,1867,28
1867,1866,10
1873,1874,1
1874,1875,1
1875,1876,3
1876,274,3
274,1558,8
1481,1139,2
1139,1877,10
1877,1516,11
1516,1878,1
1878,1879,5
1879,1880,4
1880,1881,4
1881,1882,3
1882,1883,2
1883,1884,2
1884,1885,1
1885,1886,1
1886,1887,4
1887,1874,4
1874,1888,1
1888,1873,1
1889,1890,2
1890,1891,2
1891,1892,2
1892,1889,2
1889,1893,2
1893,1894,2
1894,1895,2
1895,1896,6
1896,1897,5
1897,1875,3
1875,1898,2
1898,1899,2
1899,1900,2
1900,1901,2
1901,1902,2
1902,1883,2
1883,1881,7
1881,1903,7
1903,1904,2
1904,1549,7
1549,1516,2
574,810,5
810,119,4
119,602,4
1516,1903,8
1903,1881,8
1881,1883,6
1883,1902,2
1902,1901,2
1901,1898,2
1898,1875,2
1876,1895,3
1895,1894,2
1894,1893,2
1893,1889,2
1889,1892,2
1892,386,2
386,1905,2
1905,1890,2
1890,1889,2
1873,1906,1
1906,1874,1
1874,1887,4
1887,1886,4
1886,1885,3
1885,1907,1
1907,1883,3
1883,1882,1
1882,1881,3
1881,1880,5
1880,1879,3
1879,1878,4
1878,1908,3
1908,1909,3
1909,1910,5
1910,1877,9
1877,1911,17
1911,1139,12
1481,1558,3
1558,274,16
274,1876,3
1896,1912,1
1912,1913,1
1913,1895,3
1875,1874,1
1874,1873,1
1158,1914,1
1914,218,1
218,177,1
214,217,2
1171,1154,2
1154,1163,3
1137,1142,2
1139,1139,9
1139,1231,2
1231,698,2
698,1915,2
1915,1916,2
1916,1917,2
1917,1516,2
1516,1877,6
1363,1362,1
1362,1354,1
1338,1341,1
1341,1918,1
1918,1919,1
1919,1352,1
1352,1340,1
1158,1920,2
1920,1294,2
1296,1921,2
1921,1298,2
1352,1919,1
1919,1918,1
1918,1341,1
1341,1338,1
1354,1138,2
1163,1154,2
1154,1171,2
1171,217,2
217,214,2
214,177,2
177,1158,1
1139,1479,7
1871,76,5
76,67,7
615,1922,13
1922,374,13
76,1871,6
1871,1870,11
1870,1869,11
1869,74,11
1101,1923,1
1923,1924,1
1924,1925,1
1925,1926,1
1926,1182,1
1182,1181,1
1181,1180,1
1204,1927,1
1927,1928,1
1928,1929,1
1929,1930,1
1930,1931,1
1931,1932,1
1932,1933,1
1933,1934,1
1934,1935,1
1935,1936,1
1936,698,1
698,1937,3
1937,1866,3
1866,1938,41
1938,1866,27
1866,1939,3
1939,698,3
698,1936,1
1936,1935,1
1935,1934,1
1934,1933,1
1933,1932,1
1932,1931,1
1931,1930,1
1930,1929,1
1929,1928,1
1928,1927,1
1927,1204,1
1182,1926,1
1926,1101,1
1897,1913,2
1913,1894,2
1894,1940,2
1940,1941,2
1941,386,2
386,1942,9
1942,1516,5
602,1943,2
1943,1124,2
1124,73,2
782,576,2
684,1944,2
1944,1945,2
1945,1946,2
1946,682,2
682,633,2
633,1947,2
1947,1948,2
1948,73,2
782,1949,2
1949,574,2
1516,386,4
274,1950,2
1950,1894,2
1894,1913,2
1951,1952,4
1952,1953,4
1953,1954,4
1954,1955,5
1955,1956,7
1956,1957,7
1957,1958,3
1958,1959,3
1959,1960,3
1960,1139,5
72,1961,4
1961,1962,4
1962,1963,5
1963,1964,4
1964,1965,4
1965,1966,5
1966,61,5
1139,1960,5
1960,1959,3
1959,1958,3
1958,1967,3
1967,1955,3
1955,1954,3
1954,1953,3
1953,1952,3
1952,1951,3
1967,1968,4
1968,1969,4
1969,1969,1
1969,1968,2
1968,1955,2
72,153,5
153,810,1
1951,1956,3
1186,1970,3
1970,1971,3
1971,1972,3
1972,1973,3
1973,1974,3
1974,1970,3
1970,698,3
698,1911,5
1911,1877,4
427,1643,9
1643,641,9
1516,1910,6
1911,698,6
698,1970,5
1970,1974,5
1974,1973,5
1973,1972,5
1972,1971,5
1971,1970,5
1970,1186,5
1144,1975,5
1975,1186,5
698,1976,4
1976,1977,4
1977,698,4
698,1977,2
1977,1976,2
1976,698,2
1915,698,4
1877,1916,1
1916,1915,3
1342,1978,1
1978,1979,1
1979,1980,1
1980,1981,1
1981,1982,1
1982,1983,1
1983,1984,1
1984,1985,1
1985,1986,1
1986,1987,1
1987,1988,1
1988,1989,1
1989,1990,1
1990,1991,1
1991,1992,1
1992,1921,1
1921,1993,1
1993,1994,1
1994,1995,1
1995,1297,1
187,157,4
157,1516,6
1996,1876,2
1876,643,2
643,1997,2
1997,1998,2
1998,1999,2
1999,2000,2
2000,2001,2
2001,1876,2
1876,1907,2
1903,2002,5
2002,2003,5
2003,1516,5
1141,2004,11
2004,1028,12
1028,78,12
427,546,7
547,542,8
543,2005,5
2005,2006,5
2006,2007,3
2007,1693,3
1691,2008,6
2008,131,6
1693,2007,1
2007,2006,3
2006,2005,3
2005,543,3
543,542,4
1884,1907,1
1907,1876,1
1876,2001,1
2001,2000,1
2000,2009,1
2009,2010,1
2010,2011,1
2011,1997,1
1997,643,1
643,1996,1
2012,2013,4
2013,1516,1
157,2014,3
2014,61,3
61,846,3
846,678,2
678,77,2
61,2014,2
2014,157,2
1872,77,2
509,2015,1
2015,2016,1
2016,2017,1
2017,504,1
504,2017,1
2017,2016,1
2016,2015,1
2015,509,1
105,76,2
76,1872,2
149,77,1
781,781,1
1205,1207,1
1138,1143,3
698,2018,3
2018,2019,2
2019,1916,2
1916,2020,2
2020,2021,3
2021,1917,3
1917,2022,3
2022,1878,3
308,2023,5
2023,1646,5
1646,2024,4
2024,1647,7
1626,2025,3
2025,2026,3
2026,1630,3
1630,1629,3
1629,1628,3
1628,2027,3
2027,1626,3
1631,1647,3
1647,2024,3
1647,307,4
1909,1877,2
1877,1877,4
1877,2028,2
2028,1917,2
1917,2021,2
2021,2020,2
2020,1916,2
2018,2020,1
2029,2030,4
2030,2031,6
2031,2032,9
2032,2033,7
2033,2034,5
2034,2035,7
2035,2036,7
2036,2037,7
2037,2038,7
2038,2039,7
2039,2040,7
2040,2040,16
2040,2041,7
2041,2042,7
2042,2043,12
2043,2044,9
2044,2045,11
2045,2046,8
2046,2047,8
2047,2048,8
2048,2049,8
2049,2050,8
2050,2051,8
2051,1351,8
324,61,2
1301,1351,15
1351,386,4
386,2043,4
2043,2042,4
2043,2040,7
2040,2039,7
2039,2038,8
2038,2037,8
2037,2036,8
2036,2035,8
2035,2034,8
2034,2052,6
2052,2034,3
2034,2033,3
2033,2032,8
2032,2031,9
2031,2030,9
2030,2029,7
2053,2054,1
2054,2055,1
2055,2056,1
2056,2057,1
2057,2058,2
2058,2059,1
2059,2029,1
2052,2033,5
2029,2059,5
2059,2058,5
2058,2057,6
2057,2056,5
2056,2055,2
2055,2054,1
2054,2053,1
293,64,15
2060,2061,7
2061,2062,7
2062,2063,6
2063,2044,5
2044,1351,3
1351,2064,7
2064,2065,6
2065,2066,6
2066,2067,3
2067,2068,6
2068,2069,7
2069,2070,7
2070,2071,6
2071,2044,7
2044,2063,5
2063,2062,5
2062,2061,6
2061,2072,6
2072,2060,6
2063,2073,3
2073,2074,4
2074,2075,3
2075,2076,3
2076,2077,3
2077,2078,3
2078,2079,3
2079,2075,2
2075,2074,3
2074,2073,4
2073,2080,3
2080,2044,2
2045,2081,3
2081,2082,3
2082,2049,3
2049,2083,3
2083,2084,3
2084,2085,3
2085,2086,2
2086,1351,2
1351,2087,1
2087,2044,1
2044,2069,1
2069,2068,1
2068,2067,3
2067,2088,3
2088,2089,3
2089,2090,3
2090,2066,3
2066,2065,3
2065,2091,4
2091,2092,4
2092,2064,4
2064,1351,4
2064,2092,1
2092,2091,1
2091,2065,1
2066,2090,3
2090,2089,3
2089,2088,3
2088,2067,3
2044,2087,1
2087,1351,1
1351,2086,2
2086,2085,2
2085,2084,2
2084,2083,2
2083,2049,2
2049,2082,2
2082,2081,2
2081,2045,2
2045,2044,5
2044,2080,2
2080,2073,2
2073,2063,2
2062,2074,1
2044,2068,3
2074,2062,1
2079,2076,1
2076,2075,1
2080,2043,1
2093,2094,3
2094,2095,3
2095,2096,3
2096,2097,3
2097,2098,3
2098,2099,3
2099,2100,3
2100,2101,3
2101,2102,3
2102,2103,3
2103,2104,8
2104,2105,10
2105,2106,7
2106,2107,7
2107,2108,7
2108,2108,15
2108,848,11
848,309,13
374,373,11
373,372,11
372,71,9
71,61,23
61,2109,33
2109,291,33
291,2110,29
2110,276,26
309,848,14
848,2108,12
2108,2107,8
2107,2106,8
2106,2103,7
2103,2102,2
2102,2101,2
2101,2100,2
2100,2099,2
2099,2098,2
2098,2097,3
2097,2096,2
2096,2095,2
2095,2094,3
2094,2093,3
2106,2111,2
2111,2112,2
2112,2095,2
1191,187,1
2113,2113,20
2113,274,2
274,1846,1
1846,2114,13
2114,290,11
291,372,9
602,65,7
117,782,6
274,2113,1
2115,2116,1
2116,2117,1
2117,2118,1
2118,2119,2
2119,2120,5
2120,2121,1
2121,2122,1
2122,2123,1
2123,2124,4
2124,2125,2
2125,2126,17
2126,2127,17
2127,2127,96
2127,2128,18
2128,2125,18
2125,2129,2
2129,2124,2
2124,2123,1
2123,2122,1
2122,2121,1
2121,2120,1
2120,2119,5
2119,2118,2
2118,2117,1
2117,2116,1
2116,2115,1
2130,2125,38
2126,2131,4
2131,2132,2
2132,2133,3
2133,2134,3
2134,2135,2
2135,2136,3
2136,2137,4
2137,2138,9
2138,2137,9
2137,2139,2
2139,2140,2
2140,2141,2
2141,2142,2
2142,2143,11
2143,2144,11
2144,2145,5
2145,2146,5
2146,2147,5
2147,1230,5
1230,2148,2
2148,2149,2
2149,2150,2
2150,1229,2
1229,1201,2
1201,1229,2
1229,2150,3
2150,2149,3
2149,2148,4
2148,1230,4
1230,2147,5
2147,2144,5
2144,2151,9
2151,2152,9
2152,2153,1
2153,2142,1
2142,2154,1
2154,2155,1
2155,2141,1
2141,2140,2
2140,2139,2
2139,2137,2
2137,2136,5
2136,2135,3
2135,2134,2
2134,2133,4
2133,2132,3
2132,2131,2
2131,2156,4
2156,2126,2
2127,2157,2
2157,2158,4
2158,1867,7
1867,1867,33
1867,2113,10
2113,2159,15
2159,274,26
274,2160,29
2160,2160,12
2160,2127,26
2127,2161,2
2161,2127,2
2125,2162,40
2141,2155,1
2155,2163,1
2163,2164,1
2164,2165,1
2165,2141,1
2144,2152,2
2152,2141,1
2141,2165,1
2165,2164,1
2164,2142,1
2142,2141,1
2166,2167,4
2167,2168,5
2168,2169,3
2169,2170,3
2170,2171,6
2171,2172,6
2172,2173,6
2173,2174,6
2174,2175,6
2175,2176,4
2176,2177,7
2177,2178,7
2178,2179,7
2179,2180,8
2180,2181,4
2181,565,4
565,2182,6
2182,2183,5
2183,2184,7
2184,2185,7
2185,2186,3
2186,2187,3
2187,2188,3
2188,2189,4
2189,2190,3
2190,2191,3
2191,2192,3
2192,2193,3
2193,2194,3
2194,2195,3
2195,1867,4
1867,2196,13
2196,2197,3
2197,1866,5
1938,1938,18
1938,1867,9
1867,2198,8
2198,2199,7
2199,2200,6
2200,2201,3
2201,2202,3
2202,2193,4
2193,2203,3
2203,2204,3
2204,2204,6
2204,2205,3
2205,2126,5
2126,2189,3
2189,2188,4
2188,2206,5
2206,2207,5
2207,2185,4
2185,2184,5
2184,2183,5
2183,2182,4
2182,565,5
565,2208,5
2208,2125,5
2127,2180,7
2180,2179,9
2179,2209,7
2209,2178,9
2178,2177,8
2177,2176,8
2176,2175,4
2175,2174,6
2174,2173,6
2173,2170,8
2170,2168,6
2168,2167,6
2167,2210,4
2210,2166,3
2170,2211,2
2211,2212,2
2212,2212,2
2212,2211,2
2211,2170,2
2125,2213,15
2213,2127,16
2127,2214,4
2214,1867,4
1867,2214,4
2214,2127,4
2127,2215,13
2215,2125,13
2216,2149,2
2152,2164,9
2164,2217,9
2217,2218,8
2218,2219,7
2219,1866,7
1866,2219,7
2219,2218,7
2218,2217,8
2217,2142,9
1228,2216,2
1227,2220,1
2220,2221,1
2221,238,7
238,2144,5
2144,238,6
238,2221,8
2221,2220,1
2220,1227,1
1224,2222,4
2222,2223,2
2223,2224,2
2224,2220,2
2220,2225,2
2225,2226,1
2226,2227,3
2227,2228,1
2228,2221,2
2221,2228,1
2228,2226,1
2227,2225,2
2225,2220,2
2220,2224,2
2224,2223,2
2223,2222,2
2222,1224,3
1224,1226,1
2216,1228,1
2149,2216,1
2229,2221,2
238,2230,2
2230,2231,3
2231,2232,3
2232,2233,2
2233,2147,2
2147,2234,2
2234,2235,3
2235,2236,3
2236,2237,2
2237,2238,2
2238,2239,2
2239,2240,2
2240,2165,2
2165,698,2
698,2165,2
2165,2240,2
2240,2239,2
2239,2238,2
2238,2237,2
2237,2236,2
2236,2235,3
2235,2234,3
2234,2147,3
2147,2233,3
2233,2232,3
2232,2231,2
2231,2230,2
2230,238,2
2221,2241,2
2241,2242,2
2242,2229,2
2243,721,3
721,1097,2
1097,2244,2
2244,2243,2
2243,1222,3
1222,2245,2
2245,724,2
724,2246,2
2246,1224,2
2225,2227,1
2227,2226,2
2226,2228,1
2221,2247,1
2247,2227,1
1224,2246,2
2246,724,2
724,2245,2
2245,1222,1
1222,2243,1
2243,2244,1
2244,1097,2
1097,721,2
721,2243,2
2222,2242,2
2242,2221,2
2221,2242,2
2242,2222,1
2245,2244,1
2248,2249,2
2249,2250,3
2250,2251,2
2251,2252,2
2252,2253,2
2253,2254,4
2254,2255,4
2255,2256,4
2256,2257,4
2257,2258,4
2258,2259,4
2259,2260,4
2260,2261,4
2261,2262,4
2262,2263,5
2263,2264,6
2264,2265,7
2265,2266,2
2266,2267,6
2267,2185,7
2185,2268,3
2268,2269,3
2269,2270,3
2270,2271,3
2271,2272,3
2272,2272,5
2272,2273,5
2273,1867,6
2196,2274,9
2274,1866,9
1867,2272,5
2272,2271,3
2271,2270,3
2270,2269,3
2269,2268,3
2268,2185,3
2185,2267,7
2267,2266,7
2266,2265,7
2265,2275,8
2275,2264,8
2264,2263,7
2263,2276,3
2276,2277,3
2277,2261,3
2261,2260,4
2260,2259,4
2259,2257,4
2257,2256,4
2256,2255,4
2255,2254,4
2254,2278,3
2278,2250,3
2250,2249,3
2249,2279,2
2279,2280,2
2280,2248,2
2281,2282,1
2282,2283,1
2283,2264,1
2264,2284,2
2284,2285,5
2285,2286,5
2286,2249,1
2250,2253,2
2265,2287,5
2287,2266,4
2254,2253,1
2253,2250,1
2249,2286,1
2286,2285,5
2285,2284,5
2284,2264,1
2264,2283,2
2283,2282,2
2282,2281,1
2281,2288,2
2288,2140,2
2140,2289,3
2289,2281,3
2272,2126,1
2126,2273,1
1867,2290,1
2290,2272,1
2291,2264,1
2286,2281,4
2281,2292,2
2292,2293,2
2293,2294,2
2294,2137,2
2136,2295,3
2295,2296,3
2296,2297,3
2297,2298,3
2298,2299,2
2299,1866,2
1866,2299,2
2299,2298,2
2298,2297,2
2297,2300,2
2300,2136,2
2137,2301,1
2301,2293,1
2293,2292,1
2292,2281,2
2281,2286,4
2284,2302,1
2302,2303,1
2303,2291,1
1866,2197,3
2197,2304,2
2304,2305,1
2305,2134,1
2134,2306,1
2306,2298,1
2298,2307,1
2307,2308,2
2308,2133,1
2133,2309,2
2309,2310,2
2310,2311,2
2311,2312,2
2312,2313,2
2313,2314,2
2314,2315,2
2315,2186,2
2186,2316,2
2316,2317,2
2317,2292,2
2292,2137,1
2298,1866,1
2137,2292,1
2309,2188,2
2188,2318,2
2318,2319,2
2319,2320,3
2320,2309,5
2309,2185,4
2185,2264,4
2264,2321,3
2321,2126,2
2126,2322,1
2322,2323,1
2323,2190,1
2190,2324,1
2324,2325,1
2325,2326,1
2326,2327,1
2327,2205,1
2205,2195,3
2195,2328,3
2328,2196,3
1866,2329,3
2329,2196,3
2196,2330,3
2330,2331,3
2331,2195,4
2195,2205,3
2205,2327,1
2327,2326,1
2326,2325,1
2325,2323,1
2323,2189,1
2189,2126,1
2126,2321,2
2321,2264,3
2264,2185,4
2185,2309,4
2309,2320,3
2320,2332,2
2332,2320,2
2126,2269,2
2269,2333,2
2333,2321,2
2320,2334,2
2334,2335,2
2335,2320,2
2321,2333,2
2333,2269,2
2269,2126,2
2126,2205,2
2185,2188,1
2127,274,5
274,2336,5
2336,274,5
275,1846,4
1572,837,1
2127,1867,8
1516,272,5
372,293,2
1867,2127,8
2337,2338,1
2338,2339,1
2339,2340,1
2340,2341,1
2341,2207,1
2207,2342,1
2342,2189,1
2189,2343,2
2343,2126,2
2156,2132,1
2133,2308,1
2308,2344,1
2344,2345,1
2345,2305,1
2305,2197,1
2197,2305,1
2305,2345,1
2345,2134,1
2132,2156,1
2156,2131,2
2131,2126,2
2126,2346,1
2346,2189,2
2189,2347,1
2347,2319,1
2320,2319,1
2319,2347,1
2347,2318,1
2318,2188,1
2207,2341,1
2341,2340,1
2340,2339,1
2339,2338,1
2338,2348,1
2348,2349,1
2349,2337,1
2125,2350,5
2350,2351,4
2351,2352,4
2352,2353,3
2353,2354,3
2354,2355,3
2355,2356,3
2356,2357,3
2357,2358,3
2358,2359,3
2359,2360,2
2360,2361,2
2361,2353,3
2353,2350,2
2350,2362,2
2362,2350,2
2350,2125,2
2354,2363,2
2363,2354,2
2355,2125,2
2359,2364,2
2364,2365,2
2365,2366,2
2366,2367,2
2367,2368,2
2368,2369,2
2369,2370,1
2370,2367,1
2367,2371,1
2371,2372,2
2372,2370,2
2370,2373,2
2373,2374,2
2374,2375,2
2375,1563,1
1563,2376,1
2376,2377,1
2377,2125,2
2125,2378,4
2378,2379,2
2379,2380,2
2380,2125,3
2125,2376,2
2376,1563,2
1563,2381,2
2381,2375,2
2375,2374,2
2374,2382,2
2382,2383,2
2383,2370,2
2370,2372,2
2372,2371,2
2371,2369,2
2369,2384,1
2384,2359,1
2369,2371,1
2375,2381,1
2381,1870,1
1870,2377,1
2369,2368,1
2368,2367,1
2367,2366,1
2366,2359,1
2359,2358,1
2358,2385,1
2385,2386,1
2386,671,1
671,2355,2
2358,2360,1
2360,2387,1
2387,2361,1
2353,2352,1
2352,2125,3
2378,2388,2
2388,2389,2
2389,2390,2
2390,2390,1
2390,2391,1
2391,2388,3
2388,2380,1
2390,2392,1
2392,2393,1
2393,2381,3
2381,2394,3
2394,2395,6
2395,2396,2
2396,2397,2
2397,2388,2
2388,2124,2
2124,2129,5
2129,2125,4
2125,2124,1
2129,2388,1
2388,2397,2
2397,2396,2
2396,2395,2
2395,2394,7
2394,2381,4
2381,2398,1
2398,2393,1
2124,2388,1
2381,2393,3
2393,2393,1
2393,2392,3
2392,2390,1
2390,2389,1
2389,2388,1
2388,2378,1
2378,2125,1
2127,2123,3
2123,2399,3
2399,2400,3
2400,2401,3
2401,2394,3
2395,2402,3
2402,2403,2
2403,2404,2
2404,2405,2
2405,2406,2
2406,2407,2
2407,2408,2
2408,2409,2
2409,2120,2
2119,2410,3
2410,2411,3
2411,2412,3
2412,2413,3
2413,2413,1
2413,2412,2
2412,2411,2
2411,2410,1
2410,2119,1
2120,2414,4
2414,2120,4
2120,2415,4
2415,2120,4
2120,2416,2
2416,2125,2
2394,2401,3
2401,2400,3
2400,2399,3
2399,2123,3
2162,2130,9
2417,2418,1
2418,1959,2
1959,717,1
717,2419,1
2419,2420,2
2420,2421,3
2421,2118,1
2120,2422,2
2422,2408,2
2408,2407,2
2407,2406,2
2406,2405,2
2405,2404,2
2404,2403,2
2403,2402,2
2402,2395,4
2130,2213,1
2118,2421,1
2421,2420,2
2420,2419,2
2419,717,1
717,1959,1
1959,2423,2
2423,2417,1
2125,2416,2
2416,2120,2
2413,2424,1
2424,2424,1
2424,2413,1
2413,1082,1
1082,2411,1
2411,2425,2
2425,2119,2
2426,2413,1
2413,2426,1
2130,2130,3
1316,1869,6
2127,2427,2
2427,2428,3
2428,2167,3
2168,2170,4
2170,2173,1
2173,2175,1
2175,2167,3
2167,2429,3
2429,2430,3
2430,2431,3
2431,2432,3
2432,2433,3
2433,2434,3
2434,2176,3
2178,2435,4
2435,2209,3
2209,2179,1
2181,2125,2
2179,2178,2
2176,2434,4
2434,2433,4
2433,2432,4
2432,2431,4
2431,2167,3
2167,2175,5
2175,2173,2
2170,2169,2
2169,2168,2
2167,2428,4
2428,2436,3
2436,2437,3
2437,2427,3
2427,2127,2
2127,2438,2
2438,2439,2
2439,2127,2
2168,724,3
724,2211,3
2211,2440,3
2440,2441,1
2441,2442,1
2442,2443,1
2443,2443,1
2443,2442,3
2442,2441,3
2441,2440,3
2440,2211,3
2211,724,3
724,2168,3
2127,2444,2
2444,2445,5
2445,2446,2
2446,2447,1
2447,2448,1
2448,2449,1
2449,2450,2
2450,2451,2
2451,2452,2
2452,2453,1
2453,2454,1
2454,2455,1
2455,796,1
796,2454,1
2454,2453,1
2453,2452,1
2452,2451,1
2451,2450,1
2450,2456,1
2456,2457,1
2457,2458,1
2458,2447,1
2447,2446,1
2446,2445,2
2445,2444,4
2444,2127,4
2444,2459,3
2459,2460,3
2460,2461,1
2461,2449,1
2452,2462,4
2462,2454,1
2454,2463,1
2463,2464,1
2464,2426,4
2426,2465,4
2465,2466,1
2466,2467,1
2467,2468,1
2468,2469,1
2469,2470,2
2470,2471,2
2471,2472,2
2472,2473,5
2473,2474,5
2474,2475,4
2475,2476,4
2476,2477,4
2477,2478,4
2478,2127,5
2479,2464,2
2465,2453,3
2453,2462,3
2462,2480,3
2480,2481,3
2481,2472,3
2127,2482,6
2482,2125,7
2125,2444,4
2127,2478,4
2478,2477,3
2477,2476,3
2476,2475,3
2475,2474,3
2474,2473,4
2473,2472,4
2472,2452,3
2462,2465,3
2465,2426,3
2426,2464,3
2464,2483,3
2483,2479,3
2479,2479,6
2479,2483,1
2483,2464,1
2478,2484,1
2484,2485,1
2485,2474,1
2472,2471,1
2471,2470,1
2470,2486,1
2486,2469,1
2474,2485,1
2485,2484,1
2484,2478,1
1516,1549,1
1549,386,3
89,386,3
386,2487,3
2487,386,3
386,162,10
162,160,4
160,386,3
187,187,3
187,386,4
1942,2488,1
2488,1516,1
2127,2489,1
2489,2490,1
2490,2491,1
2491,2492,1
2492,2493,1
2493,2428,1
2427,2446,1
2460,2494,2
2494,2455,1
2455,2495,1
2495,2494,1
2494,2460,2
2460,2459,1
2459,2444,1
2446,2427,1
2428,2493,1
2493,2492,1
2492,2496,1
2496,2497,1
2497,2498,1
2498,2127,1
2127,2499,3
2499,2500,2
2500,2501,2
2501,2502,3
2502,2180,3
2440,2113,2
2113,2503,3
2503,2443,3
2180,2502,3
2502,2501,3
2501,2127,3
2127,2504,10
2504,2113,10
2431,2166,1
2179,2505,1
2505,2435,2
2435,2506,1
2506,2428,1
2175,2507,1
2507,2508,1
2508,2167,1
2428,2506,1
2506,2435,1
2435,2505,2
2505,2179,1
2180,2127,2
1220,1222,1
107,63,7
63,61,1
63,600,4
600,153,3
1604,2509,1
2509,187,1
639,63,2
2162,2510,2
2510,2511,1
2511,2512,1
2512,2130,1
2130,2185,1
2263,2513,1
2513,2514,4
2514,2515,3
2515,2284,3
2140,2516,3
2516,2144,1
2217,2517,1
2517,698,1
698,2517,1
2517,2217,1
2144,2518,1
2518,2155,2
2155,2516,2
2516,2140,3
2140,2288,1
2288,2281,1
2284,2515,2
2515,2514,2
2514,2263,2
2185,2519,1
2519,2520,1
2520,2521,3
2521,2130,1
2125,2522,2
2522,2523,2
2523,2524,2
2524,2525,2
2525,2526,1
2526,2527,1
2527,2528,3
2528,2529,1
2529,2265,1
2282,2530,1
2530,2531,1
2531,2155,1
2155,2292,1
2292,1543,1
1543,2516,1
2284,2532,1
2532,2533,1
2533,2514,1
2514,2264,1
2287,2529,1
2529,2528,1
2528,2527,2
2527,2526,1
2526,2525,1
2525,2524,2
2524,2125,1
2534,2167,1
2210,2534,1
2163,2140,1
2140,2535,1
2535,2536,1
2536,2163,1
2163,2537,1
2537,2538,1
2538,2539,1
2539,2136,1
2135,2298,1
2298,2540,1
2540,2541,1
2541,2542,1
2542,2307,1
2308,2543,1
2543,2134,1
2134,2544,2
2544,1866,2
1866,2544,2
2544,2134,2
2134,2543,1
2543,2308,1
2308,2307,1
2307,2542,1
2542,2541,1
2541,2540,1
2540,2298,1
2298,2135,1
2136,2539,1
2539,2545,1
2545,2537,1
2537,2163,1
2163,2536,1
2536,2535,1
2535,2140,1
2140,2163,1
2527,2546,1
2546,2547,1
2547,2548,1
2548,2549,1
2549,2550,1
2550,2162,1
2510,2512,1
2512,2551,1
2551,2130,1
2130,2521,1
2521,2520,2
2521,2552,2
2552,2185,2
2183,2553,1
2553,2554,2
2554,2555,2
2555,2556,2
2556,2557,2
2557,2558,2
2558,2559,2
2559,2560,2
2560,2272,4
2272,2560,3
2560,2559,3
2559,2558,3
2558,2557,3
2557,2556,3
2556,2555,3
2555,2554,3
2554,2553,3
2553,2183,2
2185,2552,3
2552,2561,2
2561,2130,2
2162,2550,2
2550,2562,2
2562,2549,2
2549,2548,2
2548,2215,2
2215,2527,2
2528,2563,1
2563,2564,1
2564,2267,1
2185,2554,3
2554,2272,1
2554,2185,2
2552,2521,1
2317,2317,1
2317,2316,1
2316,2186,1
2186,2315,1
2315,2314,1
2314,2313,1
2313,2312,1
2312,2311,1
2311,2310,1
2310,2309,1
2309,2133,2
2133,2131,1
2156,2304,1
2304,2197,1
2304,2156,1
2126,2565,1
2565,2309,1
61,1316,6
2566,2567,1
2567,2568,1
2568,2569,1
2569,2570,1
2570,2571,2
2571,2572,2
2572,2573,2
2573,2574,8
2574,2575,4
2575,2576,4
2576,2577,4
2577,2578,5
2578,322,6
322,274,4
274,322,3
322,2579,3
2579,2580,4
2580,322,3
322,2578,4
2578,2581,3
2581,2574,4
2574,2573,8
2573,2572,1
2572,2571,1
2571,2570,2
2570,2569,1
2569,2568,1
2568,2567,1
2567,2566,1
2582,284,1
284,2583,1
2583,2584,1
2584,2579,1
2580,284,1
284,2585,1
2585,2586,1
2586,2587,1
2587,2588,1
2588,2580,1
2580,2579,1
2579,2589,1
2589,2590,1
2590,2582,1
2591,1502,2
1502,2592,2
2592,2593,3
2593,2594,2
2594,2595,2
2595,2596,4
2596,2597,4
2597,274,2
274,284,6
284,2598,2
2598,2595,5
2595,2599,2
2599,2593,3
2593,2592,3
2592,2600,2
2600,2591,4
2591,2601,2
2601,2602,2
2602,2600,2
2603,2604,2
2604,2605,2
2605,2606,2
2606,2607,2
2607,2608,2
2608,2609,2
2609,2592,2
2592,284,7
284,2610,4
2610,274,4
284,2611,2
2611,2612,2
2612,2613,2
2613,2614,2
2614,2609,2
2609,2608,2
2608,2607,2
2607,2606,2
2606,2605,1
2605,2604,1
2604,2603,2
2606,2604,1
2571,2615,3
2615,2573,3
2573,2571,3
2570,2616,1
2616,2617,1
2617,2617,1
2617,2616,1
2616,2570,1
2578,2618,2
2618,2619,1
2619,2620,1
2620,2578,1
274,2621,2
2621,2577,1
2577,2622,1
2622,2571,1
2574,2623,1
2623,2624,1
2624,2625,1
2625,2626,1
2626,2627,1
2627,2628,1
2628,2629,1
2629,2630,1
2630,2574,1
2574,2631,4
2631,2618,1
2618,2632,2
2632,2633,4
2633,2578,4
322,2587,1
2587,2634,1
2634,284,1
2621,2581,1
2574,2635,1
2635,2636,1
2636,2637,1
2637,2638,1
2638,2639,1
2639,2640,1
2640,2641,1
2641,2629,1
2629,356,1
356,2642,1
2642,2627,1
2627,2626,1
2626,2625,1
2625,2624,1
2624,2623,1
2623,2643,1
2643,2644,1
2644,2574,1
360,358,2
358,361,2
311,383,2
384,312,2
312,353,2
353,352,2
349,2645,2
2645,2646,2
2646,2647,2
2647,2108,4
2108,285,4
285,2108,2
2108,2647,4
2647,2646,2
2646,2645,2
2645,323,3
312,384,3
383,311,2
311,2648,1
2648,2649,1
2649,361,1
2650,2595,3
2595,2598,3
2598,2592,3
2592,2651,10
2651,2158,10
2158,2200,3
2200,2652,3
2652,2653,3
2653,2199,4
2199,1866,5
2200,2158,3
2158,2651,9
2651,2592,9
2592,2598,3
2595,2650,3
1866,2158,2
2593,2599,1
2599,2650,1
2650,2599,1
2158,1866,2
2654,2655,1
2655,2656,1
2656,2657,1
2657,2658,2
2658,2659,2
2659,2646,2
2646,2660,2
2660,2661,2
2661,2662,2
2662,2663,2
2663,2664,2
2664,2647,2
309,322,2
322,2108,3
2647,2663,1
2663,2662,1
2662,2661,1
2661,2660,1
2660,2646,1
2646,2659,1
2659,2658,1
2658,2657,1
2657,2665,1
2665,2656,1
2656,2654,1
2647,2645,1
381,380,1
380,2654,1
2654,2657,1
2666,2667,1
2667,2668,1
2668,2669,1
2669,2666,1
2666,2108,1
2108,2670,1
2670,2108,1
2108,2666,1
2671,2672,2
2672,2673,2
2673,2674,2
2674,2108,2
2108,2675,2
2675,2676,2
2676,2672,2
2672,2677,2
2677,2678,2
2678,2671,2
2679,1959,2
1959,2417,4
2417,2679,4
2679,2680,2
2680,2681,2
2681,2680,2
2680,2679,2
2679,2682,2
2682,2683,2
2683,1416,2
1416,2684,2
2684,309,2
309,309,2
309,2684,2
2684,1416,2
1416,2683,2
2683,2682,2
2682,1959,2
2685,2686,4
2686,2687,6
2687,2688,5
2688,2158,3
2158,2689,9
2689,1867,8
2196,2329,4
2329,1866,4
1867,2689,7
2689,2158,7
2158,2688,1
2688,2687,5
2687,2686,6
2686,2685,6
2688,2690,1
2690,2691,1
2691,2692,3
2692,2693,3
2693,2694,3
2694,2695,3
2695,2694,3
2694,2696,1
2696,2697,1
2697,2698,1
2698,2699,1
2699,2158,1
2158,2697,2
2697,2696,2
2696,2694,2
2694,2691,4
2691,2690,2
2690,2688,1
2689,2700,1
2700,2701,1
2701,1867,1
1866,2688,3
2687,2702,1
2702,2703,3
2703,2704,3
2704,2158,3
2158,2705,1
2705,2706,1
2706,2707,1
2707,2708,1
2708,2689,1
2689,2709,1
2709,2710,1
2710,2711,1
2711,2712,1
2712,2713,1
2713,2201,1
2201,2714,1
2714,2202,1
2193,2715,1
2715,2204,1
2204,2716,1
2716,2653,1
2198,2652,1
2652,2204,1
2204,2715,1
2715,2193,1
2193,2202,1
2202,2714,1
2714,2201,1
2201,2713,1
2713,2712,1
2712,2711,1
2711,2710,1
2710,2709,1
2709,2689,1
2689,2708,1
2708,2707,1
2707,2706,1
2706,2705,1
2705,2158,1
2158,2704,1
2704,2717,2
2717,2718,2
2718,2703,2
2703,2702,3
2702,2687,1
2578,2719,3
2719,2631,3
2631,2574,4
2573,2622,4
2622,2720,3
2720,2721,4
2721,2688,3
2688,1866,2
2688,2721,3
2721,2720,4
2720,2622,3
2622,2573,3
2631,2620,2
2620,2632,2
2721,2722,1
2722,2687,1
2685,2723,2
2723,2686,2
2690,2724,1
2724,2688,1
2687,2725,2
2725,2702,2
2158,2726,1
2726,2727,1
2727,2704,1
2702,2725,2
2725,2687,2
2687,2722,1
2722,2721,1
2720,2577,1
336,354,1
354,316,1
2728,2729,1
2729,279,1
279,2730,1
2730,1056,1
1056,2731,1
2731,2398,1
2398,2731,1
2731,287,1
286,2731,1
2731,2732,1
2732,1056,1
1056,2730,1
2730,279,1
279,2729,1
2729,2728,1
2113,2733,7
2733,2734,1
2734,2735,1
2735,2736,1
2736,2737,1
2737,2738,1
2738,2739,1
2739,2740,1
2740,2741,1
2741,2742,1
2742,2743,1
2743,2733,1
2733,2113,7
2733,2744,1
2744,2743,1
2743,2742,1
2742,2741,1
2741,2740,1
2740,2739,1
2739,2745,1
2745,2738,1
2738,2737,1
2737,2736,1
2736,2735,1
2735,2734,1
2734,2733,1
2746,2747,3
2747,2748,3
2748,2746,1
2746,1220,7
1220,2749,2
2749,2750,3
2750,2751,4
2751,2752,4
2752,2753,4
2753,2733,5
2733,2753,5
2753,2752,4
2752,2751,4
2751,2750,4
2750,2754,4
2754,2746,4
1220,2755,3
2755,2756,3
2756,2746,3
2746,2748,2
2748,2747,4
2747,2757,1
2757,2746,1
2748,2755,2
2755,2758,1
2758,2746,1
1220,2747,2
2747,2759,2
2759,2749,1
2746,2758,1
2758,2755,1
2755,2748,2
2747,2746,3
2760,1056,1
1056,2761,1
2761,2762,3
2762,2761,2
2761,1056,1
1056,2760,1
2760,2763,1
2763,2746,1
2746,2763,2
2763,2760,2
2760,507,2
507,2761,2
2761,507,1
507,2760,1
2764,2765,2
2765,2764,3
2764,2766,2
2766,2767,2
2767,2768,2
2768,2769,2
2769,2770,2
2770,2771,2
2771,2772,2
2772,2773,2
2773,2774,2
2774,2775,2
2775,2740,2
2740,2776,2
2776,2746,2
2747,2777,1
2777,2752,1
2752,2778,1
2778,2779,1
2779,2780,1
2780,2753,1
2753,2780,1
2780,2779,1
2779,2778,1
2778,2752,1
2752,2777,1
2777,2747,1
2759,2746,1
2746,2776,1
2776,2740,1
2740,2775,1
2775,2774,1
2774,2773,1
2773,2772,1
2772,2771,1
2771,2770,1
2770,2769,1
2769,2768,1
2768,2767,1
2767,2766,1
2766,2764,1
2764,2781,1
2781,2782,1
2782,2764,1
2762,2764,1
2764,2783,1
2783,2784,1
2784,2765,1
2746,2754,1
2754,2750,1
2785,2786,2
2786,2787,2
2787,2788,2
2788,2789,2
2789,2790,2
2790,1848,2
1848,1863,5
290,2791,5
2791,2792,5
2792,61,5
72,65,5
65,106,13
1849,1863,11
1863,1848,5
1848,2793,2
2793,2790,2
2790,2789,2
2789,2788,5
2788,2794,2
2794,2795,2
2795,2785,1
2785,2796,1
2796,2785,2
2795,2796,1
2797,2798,1
2798,2799,1
2799,781,1
781,2421,2
2421,1250,2
1250,2800,2
2800,1256,2
1256,512,2
512,2801,2
2801,2802,3
2802,2803,3
2803,2804,8
2804,2805,8
2805,2806,8
2806,386,8
386,2807,27
2807,276,27
276,2808,25
2808,309,24
309,2808,26
2808,276,25
276,276,17
276,386,16
386,2806,4
2806,2805,2
2805,2804,2
2804,2803,2
2803,2802,2
2802,2801,2
2801,512,2
512,1256,2
1256,2800,2
2800,1250,2
1250,2421,2
2421,781,2
781,2797,1
781,2799,1
2799,2798,1
2798,2797,1
2797,781,1
2097,2809,2
2809,2810,2
2810,2811,2
2811,2812,2
2812,2813,2
2813,2814,2
2814,2815,3
2815,2816,2
2816,2817,4
2817,2818,3
2818,2819,3
2819,2820,2
2820,2821,2
2821,2104,4
2104,2822,4
2822,2823,4
2823,2824,3
2824,2104,3
2105,2823,3
2823,2821,2
2821,2820,4
2820,2819,4
2819,2818,3
2818,2817,3
2817,2816,2
2816,2815,2
2815,2814,4
2814,2813,2
2813,2812,2
2812,2811,2
2811,2810,2
2810,2809,2
2809,2097,2
2825,2826,2
2826,2825,2
2825,2827,4
2827,2828,1
2828,2829,5
2829,2830,1
2830,2831,1
2831,2832,1
2832,2833,1
2833,2830,1
2830,2834,1
2834,2829,1
2829,2835,6
2835,2836,9
2836,1082,9
1082,2837,9
2837,2838,8
2838,2803,6
386,2040,5
2040,386,5
386,2839,4
2839,2838,4
2838,2837,6
2837,1082,7
1082,2836,6
2836,2835,5
2835,2829,4
2829,2834,1
2834,2830,1
2830,2833,1
2833,2832,1
2832,2831,1
2831,2830,1
2830,2829,1
2829,2828,3
2828,2827,3
2827,2825,4
2827,2840,1
2840,2841,2
2841,2842,2
2842,2841,2
2841,2840,2
2840,2798,1
2798,2843,3
2843,2829,4
2829,2843,4
2843,2798,4
2798,2840,1
2840,2827,1
2097,2844,2
2844,2845,2
2845,2846,2
2846,2106,2
2106,2847,2
2847,2848,2
2848,2849,2
2849,2850,2
2850,2851,2
2851,2852,1
2852,2829,1
2798,2835,3
2838,2839,2
2839,386,2
2808,1368,1
1368,1367,3
1367,386,2
1082,2843,1
2829,2852,1
2852,2851,1
2851,2850,2
2850,2849,2
2849,2848,2
2848,2847,2
2847,2106,2
2106,2846,2
2846,2845,2
2845,2844,2
2844,2097,2
276,1368,2
2836,2798,1
2829,2678,2
2678,2851,1
2851,2678,1
2678,2829,2
2853,2854,3
2854,2855,3
2855,2856,3
2856,2857,3
2857,2858,3
2858,1416,2
1411,2859,3
2859,2860,3
2860,2861,3
2861,2862,3
2862,1396,3
1396,2862,3
2862,2861,3
2861,2860,3
2860,2859,3
2859,1411,3
1415,2863,3
2863,2864,3
2864,2857,3
2857,2856,3
2856,2853,3
2858,1417,1
2808,274,1
2865,2866,3
2866,2867,3
2867,2868,3
2868,2869,3
2869,2870,3
2870,1558,4
1558,1516,8
67,2871,8
2871,601,8
601,61,10
61,114,8
1,113,4
113,2872,4
2872,2873,4
2873,2874,3
2874,111,2
111,2875,2
2875,2876,3
2876,2877,3
2877,2878,3
2878,2879,4
2879,2873,4
2873,2872,4
2872,113,4
114,2880,7
2880,67,7
67,2881,7
2881,105,7
1516,2870,2
1558,1558,4
1558,2870,2
2870,2882,3
2882,2868,1
2868,2882,1
2882,2883,3
2883,2865,3
67,104,1
2884,2885,3
2885,2886,3
2886,2887,4
2887,2888,2
2888,2889,2
2889,2890,5
2890,2891,5
2891,2892,3
2892,2893,3
2893,274,3
274,2894,8
2894,2895,8
2895,2896,8
2896,2897,11
2897,276,11
293,2898,5
2898,72,5
153,575,3
274,2848,1
2848,2899,1
2899,2900,5
2900,2901,4
2901,2902,3
2902,2903,3
2903,2904,4
2904,2905,6
2905,2887,4
2887,2884,3
576,2906,2
2906,2907,2
2907,2908,2
2908,2909,2
2909,2910,2
2910,2909,3
2909,2908,3
2908,2907,3
2907,2911,3
2911,2912,3
2912,577,3
274,2913,4
2913,2899,4
2914,2915,3
2915,160,3
160,2848,3
2848,2916,3
2916,2917,3
2917,2918,3
2918,2919,3
2919,2848,3
2848,2920,3
2920,2921,3
2921,2922,5
2922,2923,3
2923,2924,3
2924,2925,3
2925,2926,3
2926,2896,3
123,2927,4
2927,2928,4
2928,2929,3
2929,2930,3
2930,112,3
1842,2931,17
2931,61,17
276,2896,2
2896,2932,2
2932,2933,2
2933,2934,2
2934,2935,2
2935,2936,2
2936,2921,2
2922,2918,2
2918,2917,2
2917,2937,2
2937,2914,1
2928,2163,1
2163,2938,1
2938,2939,1
2939,2940,1
2940,129,1
129,128,1
128,2941,1
2941,2942,1
2942,2943,1
2943,2939,1
2939,2944,1
2944,2945,1
2945,2946,1
2946,2947,1
2947,2939,1
2939,2943,1
2943,2942,1
2942,2941,1
2941,128,1
2873,2879,1
2879,2878,1
113,2948,1
2948,122,1
2937,276,1
276,2949,3
2949,1558,3
1558,2950,1
2950,2883,1
2883,2950,1
2950,2951,1
2951,2914,1
2952,2953,3
2953,2867,3
2867,2954,3
2954,2865,3
2865,2955,3
2955,2956,3
2956,2957,3
2957,2958,3
2958,1558,9
4,15,3
15,2959,3
2959,2960,3
2960,2961,3
2961,649,3
649,2962,3
2962,649,3
649,648,3
648,647,3
641,427,3
649,2961,3
2961,2960,3
2960,2959,3
2959,15,3
1558,2958,7
2958,2957,3
2957,2963,3
2963,2955,3
2955,2952,3
1558,2964,1
2964,2952,1
2952,2954,1
2954,1558,1
2965,2966,2
2966,2967,2
2967,2968,2
2968,1751,2
1751,2969,2
2969,2970,2
2970,2971,2
2971,2972,2
2972,275,2
275,2973,3
2973,2974,3
2974,2975,3
2975,290,3
575,10,2
10,2976,4
2976,13,4
13,2977,2
2977,4,2
4,2978,2
2978,2979,2
2979,14,2
14,2980,2
2980,8,2
8,6,2
6,10,2
10,8,2
8,11,2
11,10,2
10,2981,2
2981,12,2
12,918,2
2110,2974,3
2974,2973,3
2973,275,3
275,2972,2
2972,2971,2
2971,2970,2
2970,2969,2
2969,1751,2
1751,2968,2
2968,2967,2
2967,2966,4
2966,2982,4
2982,2983,2
2983,2965,2
2984,2886,2
2886,2985,2
2985,2986,2
2986,2987,3
2987,2988,5
2988,2989,3
2989,2889,3
2891,2990,3
2990,2991,2
2991,2992,2
2992,2993,2
2993,2994,2
2994,1301,2
72,61,2
274,2995,2
2995,2996,2
2996,2997,2
2997,2998,2
2998,2994,2
2994,2993,2
2993,2992,2
2992,2913,2
2913,2999,2
2999,3000,3
3000,2987,3
2988,2886,2
2886,3001,2
3001,2904,2
2905,2984,2
3002,2837,1
2835,2798,1
2678,3003,1
3003,2851,1
2851,2848,1
2848,3004,1
3004,2850,1
2850,2855,1
2855,3005,1
3005,1401,1
1405,1397,2
1397,1405,2
1409,3005,1
3005,2855,1
2855,2850,1
2850,3004,1
3004,2848,1
2848,2851,1
2851,3003,1
3003,2678,1
2837,3002,1
3006,2828,2
2828,2813,2
2813,2809,2
2809,2105,2
2105,2809,3
2809,2813,3
2813,2828,3
2827,3007,4
3007,3006,2
2095,2098,1
2097,3008,1
3008,2099,1
2099,2111,1
2111,2106,1
2104,2824,1
2824,2823,1
2823,2822,2
2822,2104,2
2104,2821,2
2819,2816,3
2817,2815,3
2814,2821,2
2823,2105,1
2030,3009,3
3009,3010,4
3010,3011,3
3011,3012,3
3012,928,3
928,3013,3
3013,3014,3
3014,3015,3
3015,3016,5
3016,386,5
386,3015,5
3015,3010,4
3010,3009,4
3009,2030,2
2032,3017,1
3017,2030,1
2033,2052,2
3015,3015,2
3009,2029,1
2055,3018,3
3018,2053,3
2053,2030,3
2030,3019,1
3019,3020,1
3020,3021,1
3021,3022,1
3022,3023,2
3023,2032,2
3024,3025,4
3025,3026,4
3026,3027,4
3027,3028,4
3028,3029,4
3029,2828,4
2806,2803,1
2803,2838,2
2828,3006,3
3006,3027,2
3027,3026,3
3026,3025,3
3025,3024,3
2806,2801,1
2828,3007,2
3007,2827,2
2825,2825,2
3007,2828,2
3006,3029,1
3029,3028,1
3028,3027,1
2887,3030,2
3030,3031,2
3031,2986,2
372,61,4
61,639,1
639,117,1
25,61,3
61,372,4
2901,3032,1
3032,2891,1
2990,2999,1
2987,2986,1
2986,3031,2
3031,2903,1
2887,2889,1
2889,2884,1
1695,1695,2
1695,640,4
386,2958,5
274,386,2
3033,3034,6
3034,1558,7
1558,3035,6
3035,3036,7
3036,2965,7
2965,3037,5
3037,2967,8
2967,3038,8
3038,275,8
275,3039,9
3039,1590,9
1516,1581,11
676,675,6
675,479,6
479,478,7
478,477,7
477,541,7
541,477,5
479,3040,5
3040,475,5
475,675,4
675,1697,4
1589,275,5
275,3037,6
3037,2965,5
2965,3036,5
3036,3035,5
3035,1558,5
1558,3034,4
3034,3041,4
3041,3042,4
3042,2869,4
2869,3033,4
542,3043,3
3043,3043,2
3043,3044,1
3044,3045,1
3045,542,1
3046,3047,2
3047,3048,2
3048,2870,2
2870,2958,2
2958,3049,2
3049,3050,2
3050,3051,2
3051,2950,2
2950,3052,2
3052,2867,2
2867,3053,2
3053,2952,2
2952,3052,2
3052,3033,1
3033,3052,1
3052,2952,3
2952,3053,3
3053,2867,3
2867,3052,3
3052,2950,3
2950,3054,3
3054,3055,3
3055,3050,3
3050,3049,3
3049,2958,3
2958,3056,3
3056,3057,3
3057,3058,3
3058,2870,3
2870,3046,3
2965,3059,2
3059,3060,4
3060,3037,3
3037,3061,1
3061,3059,1
3043,3062,2
3062,3063,2
3063,3064,2
3064,3064,4
3064,3063,2
3063,542,2
1346,1345,5
1345,1344,5
1344,3065,5
3065,1959,5
1959,3066,5
3066,3067,5
3067,3068,5
3068,3069,5
3069,3070,5
3070,3071,5
3071,3072,9
3072,3073,6
3073,3074,6
3074,3075,6
3075,3076,6
3076,3077,6
3077,1801,6
471,3078,2
3078,618,2
618,3079,2
3079,3080,2
3080,482,2
482,480,3
480,3081,3
3081,562,6
562,486,5
486,3082,5
3082,3081,6
3081,480,6
480,482,6
482,3083,3
3083,539,3
539,3084,9
3084,192,8
192,3085,8
3085,675,8
675,151,8
78,72,6
72,1842,13
1367,1798,11
1801,3077,7
3077,3076,7
3076,3075,7
3075,3074,7
3074,3073,7
3073,3072,7
3072,3071,9
3071,3070,6
3070,3069,6
3069,3068,6
3068,3067,6
3067,3066,6
3066,1959,6
1959,3065,6
3065,1344,6
1345,1349,6
1349,1348,6
1348,1346,6
77,3086,3
3086,657,3
657,3087,3
3087,586,3
586,570,3
570,589,3
567,656,3
656,593,3
563,3088,4
3088,539,4
539,486,2
486,562,7
539,3089,4
3089,3090,4
3090,419,4
419,3081,3
482,3080,4
3080,486,4
564,3091,3
3091,657,3
657,3092,4
3092,3093,3
3093,3087,3
3087,3094,3
3094,666,4
593,486,1
3092,3094,1
3065,3095,3
3095,3096,3
3096,3097,3
3097,3071,4
547,1694,2
1694,3098,2
3098,1691,2
131,3099,3
3099,266,3
266,131,5
131,2008,2
2008,1691,2
3071,3097,3
3097,3096,2
3096,3095,2
3095,3100,1
3100,3101,1
3101,3065,1
3072,1801,3
61,72,2
1801,3072,2
3097,3102,1
3102,3103,1
3103,3097,1
3104,3105,1
3105,3055,1
3055,2955,1
2955,3033,1
3033,3035,2
471,3106,1
3106,540,1
542,3107,1
3107,3108,1
3108,3109,1
3109,3110,1
3110,3111,1
3111,3112,1
3112,3113,1
3113,3114,1
3114,3115,1
3115,3116,1
3116,3117,1
3117,542,1
540,3106,1
3106,471,1
1558,2954,1
2954,2952,1
2952,2955,1
2955,3055,1
3055,3118,1
3118,3104,1
2065,2068,1
2070,2060,1
2082,3119,1
3119,2082,1
2085,3120,1
3120,2071,1
2068,2065,1
1351,2051,3
2051,2050,3
2050,2049,3
2049,2048,3
2048,2047,3
2047,2046,3
2046,2045,3
2044,2043,3
2056,3015,4
3015,3014,3
3014,3013,3
3013,3121,3
3121,3122,3
3122,2031,3
2032,3023,2
3023,3022,2
3022,2040,4
2040,3022,3
2037,2037,1
2040,2042,1
3123,3124,2
3124,3125,2
3125,2055,2
2030,3126,2
3126,3022,2
309,3127,1
3127,274,1
274,3127,1
3127,309,1
3022,3126,2
3126,2030,2
2030,2053,2
2053,3018,2
3018,2055,2
2055,3125,2
3125,3124,2
3124,3123,2
3128,3129,1
3129,3130,1
3130,3131,1
3131,3132,1
3132,2056,1
3015,3133,2
3133,3134,2
3134,3134,2
3134,3133,2
3133,3015,2
276,1420,2
1420,1367,1
1798,274,1
1368,1798,1
1798,1367,1
1367,1420,1
1420,3135,1
3135,386,1
3015,2056,1
2056,3132,1
3132,3131,1
3131,3130,1
3130,3129,1
3129,3128,1
3128,3128,1
3136,3137,6
3137,3138,5
3138,521,6
521,3139,6
3139,3140,6
3140,3141,6
3141,3029,6
3029,3142,3
3142,386,3
386,3143,6
3143,3029,7
3029,3141,6
3141,3140,6
3140,3139,6
3139,521,6
521,3144,2
3144,3144,3
3144,521,2
521,3138,6
3138,3137,6
3137,3136,6
3145,3143,1
3029,3029,2
3029,3136,1
3029,386,3
3136,3029,1
3029,3143,1
3143,3145,1
3137,3144,1
3144,3138,1
2808,2808,1
162,162,1
162,860,1
860,386,1
386,861,2
162,187,4
2815,3146,1
3146,2814,1
2815,2817,1
2816,2108,1
2108,2816,1
2816,2819,1
2815,3147,1
3147,2814,1
2814,3146,1
3146,2815,1
3148,3149,2
3149,2870,2
2870,1590,2
77,601,1
601,152,1
161,163,2
164,3150,2
3150,3151,3
3151,3152,3
3152,3153,2
3153,3154,2
3154,3155,2
3155,3156,2
3156,3157,2
3157,3158,2
3158,3156,2
3156,3159,2
3159,366,2
366,3160,2
3160,3154,3
3154,3151,3
3151,3150,3
3150,164,2
1590,2870,3
2870,3161,1
3161,3162,1
3162,3059,1
3060,3034,1
3034,3163,1
3163,3164,1
3164,3165,1
3165,3037,1
3037,3164,1
3164,3166,1
3166,3148,2
62,2004,1
3167,3168,1
3168,3169,1
3169,3170,1
3170,3171,2
3171,3172,1
3172,3173,1
3173,3174,1
3174,3175,1
3175,3176,1
3176,1558,1
1558,3177,1
3177,276,1
607,3178,5
3178,597,5
1701,1685,5
1685,3179,1
3179,515,1
515,3180,1
3180,3181,1
3181,3182,1
3182,183,1
183,3183,1
3183,3184,1
3184,3185,1
3185,3186,1
3186,3187,1
3187,1686,1
1686,515,1
2958,3176,1
3176,3175,1
3175,3174,1
3174,3173,1
3173,3188,1
3188,3170,1
3171,3174,1
3174,3167,1
3167,3189,1
3189,3174,1
3174,3190,1
3190,3191,2
3191,3192,1
3192,3193,1
3193,3194,3
3194,386,1
386,3167,1
1309,1344,1
1344,3195,1
3195,3065,1
62,1028,1
1028,64,1
1138,1362,1
1364,1354,1
1342,3196,1
3196,3197,1
3197,3198,1
3198,3199,1
3199,3200,1
3200,3201,1
3201,3202,1
3202,3197,1
3197,3196,1
3196,1342,1
1340,1339,1
1339,1338,1
3095,3065,1
3065,3195,1
3195,1344,1
1344,1309,1
284,2592,6
1867,698,3
698,698,1
698,1878,1
1878,1516,2
284,274,3
1608,3203,8
3203,3204,7
3204,3205,12
3205,3206,10
3206,3207,11
3207,3208,11
3208,3209,9
3209,3210,5
3210,3211,4
3211,3212,6
3212,3213,5
3213,3214,4
3214,3215,12
3215,3216,12
3216,3217,12
3217,3218,12
3218,3208,12
3208,3219,5
3219,3220,8
3220,3221,8
3221,3222,4
3222,3223,4
3223,3224,3
3224,3225,3
3225,3226,3
3226,3227,11
3227,3228,15
3228,3227,17
3227,3229,8
3229,293,8
293,1846,10
291,1846,8
1846,293,8
293,3230,3
3230,3228,4
3227,3226,8
3226,3231,3
3231,3224,3
3224,3232,3
3232,293,3
293,3222,3
3222,3221,4
3221,3220,10
3220,3219,10
3219,3208,7
3208,3207,15
3207,3206,15
3206,3205,14
3205,3204,16
3204,3203,7
3203,1608,8
3209,3211,6
3212,3233,6
3233,3234,7
3234,3211,10
3211,3235,10
3235,3236,10
3236,3214,11
1846,3237,1
3237,3238,1
3238,3239,1
3239,1846,4
3240,3205,2
3204,3241,18
3241,61,11
61,3242,11
3242,293,11
293,1124,13
1124,3243,13
3243,61,31
61,3244,30
3244,3245,30
3245,40,35
40,3246,24
3246,293,24
293,3247,24
3247,3248,24
3248,3204,14
3205,3240,2
64,293,1
3240,3240,1
374,3243,15
3203,35,1
19,35,1
35,3203,1
3241,3249,1
3249,3250,1
3250,1124,20
190,63,1
3251,1383,2
1383,3252,4
3252,3253,4
3253,3217,4
3217,3254,4
3254,3255,2
3255,3256,2
3256,705,2
705,1383,4
1383,3221,2
3221,3257,2
3257,3223,2
3223,293,4
293,3258,4
3258,61,4
61,1556,4
1556,3250,4
615,65,14
65,74,7
74,78,3
293,3223,4
3223,3257,2
3257,3221,2
3221,1383,2
1383,705,4
705,3256,2
3256,3255,2
3255,3254,2
3254,1383,2
3254,3251,2
3251,3259,2
3259,1383,2
705,3260,2
3260,3223,2
3223,3260,2
3260,705,2
1383,3259,2
3259,3251,2
3261,3219,3
3221,3262,6
3262,3263,9
3263,3248,9
3248,3241,9
3241,3250,23
114,440,3
441,3264,3
3264,3265,3
3265,121,1
122,3266,1
3266,113,3
1,441,3
439,3267,6
3267,114,3
615,374,12
3248,3268,10
3268,3232,4
3232,3221,4
3219,3261,3
3265,1,2
2874,2875,1
3269,3270,4
3270,3271,3
3271,2110,1
2110,3272,1
3272,3273,2
3273,3274,2
3274,2110,2
2110,3275,2
3275,3276,1
3276,3277,1
3277,3278,1
3278,372,1
372,2931,1
2931,292,1
71,3279,2
3279,1847,2
1847,3280,2
3280,3281,2
3281,71,2
61,3275,3
3275,3282,3
3282,3283,2
3283,3284,2
3284,1847,2
1847,3269,2
3271,3229,2
3229,3269,2
291,3285,4
3285,3286,4
3286,2926,6
2926,3287,5
3287,3288,3
3288,291,3
63,446,4
446,3289,4
3289,3290,4
3290,447,4
3267,3291,3
3291,3292,3
3292,3293,3
3293,435,3
435,3292,3
3292,3294,3
3294,3267,3
3267,3295,3
3295,3296,3
3296,3297,3
3297,3298,3
3298,440,3
440,3299,3
3299,3300,4
3300,3298,2
3298,3297,2
3297,3301,3
3301,3302,3
3302,3267,4
3267,438,4
446,63,4
63,104,5
1846,3303,3
3303,3288,3
3288,3286,3
3286,3304,3
3304,291,3
3300,3297,1
3300,3302,1
189,2014,1
2014,273,1
274,2926,1
2926,291,1
291,291,1
2926,2114,1
2114,1301,1
1301,1301,2
324,157,3
600,63,1
438,3267,1
3267,3302,1
3302,3300,1
3300,3299,1
2786,3305,3
3305,3306,3
3306,3307,3
3307,3308,3
3308,3309,3
3309,1862,3
1862,3310,3
3310,3311,5
3311,1857,3
1857,3312,3
3312,3313,5
3313,1813,5
1863,1813,4
1813,3313,5
3313,3312,5
3312,1857,3
1862,3309,3
3309,3308,3
3308,3306,1
3306,3305,3
3305,2786,3
2786,2786,3
3308,3307,2
3307,3306,2
3314,3315,1
3315,3316,1
3316,3317,1
3317,3318,1
3318,3319,1
3319,3320,1
3320,3321,1
3321,3318,2
3318,3322,2
3322,275,1
275,3323,1
3323,1846,1
576,3324,1
3324,3325,1
3325,1947,1
1947,579,1
579,606,1
606,605,1
605,28,1
606,579,2
579,1947,2
1947,635,2
1846,3326,2
3326,290,2
290,3327,2
3327,3328,2
3328,3329,2
3329,3330,2
3330,3317,2
3317,3316,2
3316,3331,2
3331,3332,2
3332,2926,2
2926,3314,2
3203,3203,7
3333,3333,2
3333,3203,1
3203,3333,1
539,3088,1
3088,482,1
372,1124,14
3334,3335,2
3335,3226,8
3228,3230,2
3230,3335,2
3335,3336,2
3336,3337,2
3337,3338,2
3338,3262,2
676,3339,2
3339,3340,2
3340,3341,2
3341,192,2
192,687,2
687,676,2
676,474,2
475,548,2
471,1689,3
1689,823,3
540,3342,2
3342,3343,2
3343,3344,2
3344,3345,1
3345,3344,1
3344,3346,1
3346,471,1
1696,3347,1
3347,192,1
192,3348,1
3348,3340,1
3340,3339,1
3339,1697,1
3268,3349,6
3349,3350,1
3350,3337,1
3337,3336,1
3336,3335,1
3335,3230,1
3226,3225,1
3225,3351,1
3351,3334,1
39,3352,3
3352,3353,5
3353,3354,5
3354,3355,5
3355,3245,5
3245,3356,5
3356,61,5
61,615,5
615,372,9
687,479,1
475,677,1
372,3357,7
3357,810,7
810,3358,5
3358,61,5
61,3359,5
3359,3245,5
40,39,5
39,37,3
37,3360,3
3360,3360,3
3360,37,3
37,39,3
3311,3310,1
3310,3361,2
3361,3362,2
3362,3313,4
1813,1864,1
389,3363,1
3363,267,1
3313,3362,4
3362,3361,2
3361,3310,2
3310,1859,4
1860,3311,1
3364,3365,1
3365,3366,1
3366,3367,1
3367,1859,1
1859,3310,3
1863,3368,1
3368,1812,1
557,455,1
456,3369,1
3369,460,1
460,3370,1
3370,458,1
458,457,1
458,3370,1
3370,460,1
460,3369,1
3369,456,1
455,557,1
106,74,1
1812,3368,1
3368,1863,1
1859,3367,1
3367,3366,1
3366,3364,1
3371,3336,1
3336,3372,1
3372,3223,1
3223,3222,1
3250,810,9
810,65,4
427,427,2
543,1693,1
1693,543,1
542,471,3
105,75,1
809,3243,1
3223,3371,1
3214,3212,5
3213,3233,4
427,3373,3
3373,3374,3
3374,440,2
440,427,2
3208,3218,5
3218,3217,5
3217,3253,3
3253,3252,3
3252,3216,3
3216,3215,5
3215,3214,5
3214,3213,3
3233,3212,3
3212,3234,3
3206,3372,2
3372,3375,3
3375,3376,3
3376,3377,3
3377,3204,3
3204,3377,2
3377,3376,2
3376,3375,2
3375,3372,2
3372,3206,2
3378,3379,1
3379,3321,1
3322,3380,1
3380,3287,1
3287,3239,3
63,3381,1
3381,846,1
846,679,1
679,666,1
666,3094,1
3094,3382,1
3382,3383,1
3383,3384,1
3384,657,1
666,679,1
1843,1845,4
1846,291,1
291,3385,1
3385,3386,1
3386,275,1
275,3329,1
3329,3321,1
3321,3379,1
3379,3378,1
3270,3272,1
3275,61,1
61,3387,1
3387,3388,1
3388,619,1
619,625,1
627,3389,1
3389,3390,1
3390,3391,1
3391,621,1
621,657,1
657,538,1
538,61,1
61,75,1
3282,3272,1
3272,2110,1
2110,3392,1
3392,3393,1
3393,3269,1
3394,3395,5
3395,3396,6
3396,3397,6
3397,3398,3
3398,3261,3
3261,3399,2
3399,3400,8
3400,3401,8
3401,1812,9
549,3402,1
3402,833,1
833,3403,1
3403,3404,1
3404,3405,1
3405,833,1
836,3404,1
3404,3403,1
3403,833,1
833,3402,1
3402,549,1
1812,3401,7
3401,3400,6
3400,3399,6
3399,3261,2
3261,3406,3
3406,3397,3
3397,3396,6
3396,3395,6
3395,3407,4
3407,3408,6
3408,3409,4
3409,3394,5
148,3410,2
3410,3411,2
3411,3412,2
3412,3413,2
3413,3414,2
3414,1729,2
1729,3415,2
3415,3416,2
3416,3417,2
3417,3418,2
3418,3419,2
3419,3420,2
3420,3421,2
3421,3422,2
3422,3423,2
3423,3422,2
3422,3421,2
3421,3420,2
3420,3424,1
3424,3418,1
3418,3417,2
3417,3416,2
3416,3415,2
3415,1729,2
1729,3413,2
3413,3412,2
3412,3411,2
3411,3410,2
3410,148,2
3420,3419,1
3419,3418,1
3409,3395,1
3261,3425,1
3425,1851,1
1851,3401,4
3401,3426,6
3426,3401,2
293,3427,6
3427,3335,6
3227,3262,1
117,1949,2
1949,1123,2
1123,575,2
2006,3428,2
3428,3429,2
3429,235,2
142,551,2
454,3430,2
3430,3431,2
3431,267,2
552,551,2
551,142,2
235,3429,2
3429,3428,2
3428,2007,2
810,3243,2
3349,3338,1
3338,3227,1
3226,3335,4
3335,293,4
3401,1851,1
1851,3425,4
3425,3261,4
810,3432,2
3432,3250,1
1323,3433,1
3433,3434,1
3434,1303,1
1303,3435,1
3435,3436,3
3436,1323,2
77,105,8
1215,3437,1
3437,3438,1
3438,3439,1
3439,3440,1
3440,3441,1
3441,3442,1
3442,3443,1
3443,1568,1
1568,1595,1
1569,3444,1
3444,3445,1
3445,1500,1
1500,2787,1
2787,3446,1
3446,1568,1
1568,3447,1
3447,1568,2
1568,3448,1
3448,1575,1
1567,3449,1
3449,3447,1
1568,3446,1
3446,2787,1
2787,1500,1
1500,3445,1
3445,3444,1
3444,1569,1
1569,1595,1
1595,1568,1
1568,3443,1
3443,3442,1
3442,3441,1
3441,3440,1
3440,3439,1
3439,1215,1
1323,3436,1
3436,3435,3
3435,3450,1
3450,3433,1
3433,3451,1
3451,2417,2
2417,1323,1
3452,3453,4
3453,3454,4
3454,3455,4
3455,3241,4
810,372,8
187,3456,4
3456,1604,4
1604,3457,3
3457,3458,2
3458,3459,2
3459,3460,2
3460,1603,2
1603,3461,2
3461,3462,2
3462,3463,2
3463,3464,2
3464,1620,2
1621,1619,2
1619,3465,2
3465,1619,3
1619,1621,3
1621,1603,3
1603,3460,3
3460,3459,3
3459,3466,3
3466,1603,3
40,3467,6
3467,3468,6
3468,39,6
39,293,6
293,3469,4
3469,3455,4
3455,3454,4
3454,3453,4
3453,3470,4
3470,3471,4
3471,3452,4
3471,3472,1
3472,3473,1
3473,3452,1
3474,3475,1
3475,848,1
848,3476,1
3476,3477,1
3477,42,1
42,3354,4
3354,3478,4
3478,3479,4
3479,26,4
26,3480,4
3480,615,4
1488,1487,1
1487,1486,1
1486,1485,1
1481,3481,1
3481,1481,1
1485,1486,1
1490,1513,1
372,615,4
615,3480,4
3480,26,4
26,3479,4
3479,3478,4
3478,3245,4
3245,3482,4
3482,3354,4
3354,42,4
42,3477,1
3477,3476,1
3476,848,1
848,3475,1
3475,3474,1
3483,3484,2
3484,3485,2
3485,3486,2
3486,1322,2
1846,3487,1
3487,3488,1
3488,290,2
157,3489,2
3489,1191,2
1191,1191,1
1604,3490,2
3490,3491,2
3491,3492,2
3492,1680,1
1680,1267,1
1267,1621,1
1621,1612,1
1612,3493,2
3493,3494,2
3494,3495,2
3495,3496,2
3496,183,2
183,3497,2
3497,1603,2
1603,1702,2
1702,3492,2
3492,3491,2
3491,3490,2
3490,3498,2
3498,3499,2
3499,1603,2
1847,3500,2
3500,3484,2
3484,3483,2
3483,2926,2
2926,3501,2
3501,3285,2
3285,3483,2
1846,3488,2
3492,1702,1
1702,1612,1
3261,3375,2
3375,3208,2
695,3502,1
3502,3503,1
3503,3504,1
3504,3505,2
3505,3502,2
3502,695,2
3349,3221,4
3208,3375,4
3375,3261,4
244,3503,1
3503,3506,2
3506,3504,2
3505,3507,2
3507,3506,2
3506,3503,3
3503,244,2
3508,3509,2
3509,39,2
40,3352,2
159,3510,2
3510,3511,2
3511,3512,2
3512,3513,2
3513,3510,2
3510,3514,2
3514,3515,2
3515,3516,2
3516,3517,2
3517,3518,2
3518,182,2
39,3509,2
3509,3248,2
3248,3519,4
3519,3508,2
3520,2999,1
2999,2893,1
2893,1301,1
1301,3286,2
307,1634,1
1634,1636,1
1631,3521,2
3521,1646,1
1646,306,1
306,3522,1
3522,296,2
296,3523,1
3523,3524,4
3524,3522,4
3522,3525,4
3525,306,1
306,1646,1
1646,3526,1
3526,1633,1
1634,307,1
2114,3527,2
3527,1301,2
1301,3520,1
3397,3397,5
3409,3528,1
3528,3529,1
3529,3530,1
3530,3531,1
3531,3399,1
1158,386,1
386,3160,1
3150,3532,1
3532,3533,1
3533,3150,1
3152,386,1
386,3534,1
3534,226,1
3399,3531,1
3531,3530,1
3530,3529,1
3529,3528,1
3528,3409,1
3211,3210,4
3210,3208,4
1685,1687,4
1687,3535,4
3535,3536,4
3536,3537,4
3537,3181,4
3181,183,4
183,1648,4
1648,3512,4
3512,3538,4
3538,3539,4
3539,1636,4
1636,3540,4
3540,3538,2
3538,3512,2
3512,1648,2
1648,183,2
183,3541,2
3541,3185,2
3185,3542,2
3542,1684,2
1686,3535,2
3535,1687,2
1687,1685,2
1685,3543,2
3543,515,2
3204,3471,2
3455,3455,1
3471,3204,1
3544,3545,3
3545,3546,3
3546,3436,3
3435,3547,3
3547,3548,3
3548,1863,3
307,850,3
850,326,3
326,3549,3
3549,302,3
302,3550,3
3550,3551,3
3551,304,3
304,3552,3
3552,306,2
306,3524,2
3524,3523,2
3525,304,3
61,1843,3
1863,3548,3
3548,3547,3
3547,3435,3
3436,3546,3
3546,3545,3
3545,2789,3
2788,3553,3
3553,3554,3
3554,3555,3
3555,3544,3
3552,3522,1
296,306,1
162,3523,1
3436,3451,1
2417,3435,1
3435,2417,1
2417,3451,1
3451,3436,1
3556,3352,2
3352,3557,2
3557,40,2
1883,3558,3
3558,1874,3
1886,1883,3
1883,3559,3
3559,3560,3
3560,1881,3
1881,3561,3
3561,3562,3
3562,3560,3
3560,1883,3
1883,1886,5
1874,3558,3
3558,1883,3
1881,386,3
602,810,4
42,41,2
41,3353,2
3353,3563,1
810,3357,2
3357,372,2
3353,3564,1
3564,3563,1
45,44,1
44,43,1
43,42,1
3426,3565,4
3565,3566,4
3566,3567,4
3567,3399,4
1516,3568,5
3568,1904,5
1549,3569,5
3569,3570,5
3570,2012,5
2012,3571,2
3571,1497,1
1497,3572,1
3572,2012,2
2012,3570,4
3570,3569,4
3569,1549,4
1549,3573,4
3573,3568,4
3568,1516,4
293,3574,3
3574,3227,3
3399,3567,3
3567,3566,3
3566,3565,3
3565,3567,3
3567,3575,3
3575,3401,3
3401,3576,3
3576,3577,3
3577,1851,3
3261,1823,3
1823,3578,3
3578,1851,3
2013,3579,2
3579,2013,2
2013,1954,2
1957,1967,4
3579,1954,1
1956,1951,3
1954,3579,1
2013,2012,2
3401,3565,1
3565,3399,1
1867,3580,1
3580,3581,1
3581,1866,1
698,1867,1
1516,1951,2
1876,1885,2
1885,3582,2
3582,1882,2
1880,3583,2
3583,3584,2
3584,1881,2
1882,3585,1
3585,3586,1
3586,1883,1
1885,3587,2
3587,2009,2
2009,643,2
643,3588,2
3588,3589,2
3589,1876,2
157,272,2
3217,3216,2
3395,3409,2
3409,3407,2
3408,3531,2
3531,1851,2
1815,3362,2
3312,1860,2
1860,1859,2
3310,3590,4
3590,3545,2
3545,1848,2
1942,3591,2
3591,3568,2
3568,3592,2
3592,1549,2
3571,18,1
18,3572,1
1848,3545,2
3545,3590,2
3590,3310,4
1860,3312,2
3362,1815,2
1851,3531,2
3531,3409,2
1954,2013,1
3593,3594,2
3594,3595,2
3595,3372,2
294,780,2
1516,1590,2
2870,3166,2
3166,3596,3
3596,3597,3
3597,3034,2
3034,3598,2
3598,2883,2
2883,3041,2
3041,3052,2
3052,3041,1
3041,2883,1
2883,3598,1
3598,3034,1
1558,3059,1
3059,3166,1
3166,2870,1
3372,3595,1
3595,3594,1
3594,3220,1
3220,3599,1
3599,3593,1
3206,3600,1
3600,3601,1
3601,3601,1
3601,3600,1
3600,3206,1
3602,3603,2
3603,3210,2
3210,3209,2
3209,3208,2
1124,809,2
809,374,2
276,3604,2
3604,3605,2
3605,276,2
2958,3193,2
3194,3606,2
3606,3190,2
3191,2958,1
3210,3603,1
3603,3602,1
3607,3608,2
3608,3609,2
3609,3610,2
3610,3611,1
3611,3519,2
3519,3248,2
3248,3612,2
3612,3455,2
3455,3613,2
3613,3564,2
3564,3468,2
293,3614,2
3614,3241,2
1590,3615,2
3615,3616,2
3616,3617,2
3617,275,2
275,3618,2
3618,3619,2
3619,2971,2
2971,3620,2
3620,2967,2
2966,3060,2
3060,2983,2
2983,3621,2
3621,3622,2
3622,3623,2
3623,3622,2
3622,3621,2
3621,2983,2
2983,3060,2
3060,2966,2
2982,2967,2
2967,3624,2
3624,3620,2
3620,3625,2
3625,3619,2
3619,3618,2
3618,275,2
3468,3564,2
3564,3613,2
3613,3455,2
3455,3612,2
3612,3248,2
3519,3611,2
3611,3248,2
3248,3610,2
3610,3609,2
3609,3608,2
3608,3607,2
3610,3248,1
3248,3611,1
1322,1322,1
160,162,3
187,162,3
386,1516,2
1549,2012,2
2012,3626,2
3626,3627,2
3627,1549,2
198,3628,2
3628,230,2
140,3629,2
3629,542,2
427,3630,2
3630,3631,2
3631,3632,2
3632,3633,2
3633,3634,2
3634,3266,2
115,1585,2
1585,3635,2
3635,11,2
11,1966,2
1966,3636,2
3636,3637,2
3637,12,2
12,2977,2
2977,10,2
13,577,2
577,3638,2
3638,3639,2
3639,3640,2
3640,1947,2
1947,632,2
65,3641,2
3641,25,2
25,28,2
28,27,2
27,579,2
579,577,2
577,2977,1
2977,3642,1
3642,10,1
10,3643,1
3643,1966,1
1966,1962,1
1963,3644,1
3644,114,1
121,3645,1
3645,3646,1
3646,3647,1
3647,3266,1
3266,3634,1
3634,3633,1
3633,3632,1
3632,3631,1
3631,3630,1
3630,427,1
542,3629,4
3629,140,4
3521,1633,1
1633,1647,1
77,149,2
419,480,1
480,471,1
471,482,1
482,3648,1
3648,482,1
3084,3649,1
3649,3650,1
3650,539,1
687,1696,1
1699,77,1
510,3651,2
3651,3652,2
3652,510,2
510,195,2
195,3653,2
3653,197,2
198,140,2
235,3654,3
3654,266,3
1694,541,3
140,198,2
197,88,2
924,3655,1
3655,900,1
900,3656,1
3656,898,2
898,901,2
901,900,2
897,3657,1
3657,896,1
894,3658,1
3658,1956,1
1956,726,1
786,750,1
726,1956,1
1956,3658,1
3658,894,1
896,3657,1
3657,898,1
899,3656,1
900,3655,1
3655,924,1
1266,512,1
512,3659,1
3659,3660,1
3660,3661,1
3661,875,1
875,874,1
874,873,1
873,3662,1
3662,3663,1
3663,759,1
884,3664,1
3664,3665,1
3665,3666,1
3666,932,1
820,1076,1
1076,1073,1
1073,720,1
720,723,1
723,1115,1
1115,1065,1
1065,1056,1
1056,3667,1
3667,1289,1
1289,3667,1
3667,1056,1
1056,1065,1
1065,1115,1
1115,723,1
723,720,1
720,1073,1
1073,1076,1
932,3666,1
3666,3665,1
3665,3664,1
3664,884,1
875,3661,1
3661,3660,1
3660,3659,1
3659,512,1
512,1266,1
1261,3668,1
3668,1259,1
1259,1266,1
3669,981,2
981,3670,2
3670,3671,2
3671,981,2
981,978,2
763,983,2
759,752,2
818,3672,2
3672,3673,2
3673,1036,2
1036,989,2
983,763,2
981,3671,2
3671,3670,2
3670,978,2
978,981,2
981,3669,2
3669,3669,2
1787,3674,1
3674,1788,1
1796,1795,1
1795,3504,1
3504,3506,1
3503,3675,1
3675,695,1
1637,1631,1
149,1699,1
538,657,1
657,77,1
1647,1633,1
1637,3676,1
3676,3677,1
3677,3678,1
3678,159,1
161,3679,1
3679,3680,1
3680,244,1
695,3675,1
3675,3503,1
3504,1795,1
1788,3674,1
3674,1787,1
183,3492,2
3492,1682,2
1682,1603,2
1603,3681,2
3681,1194,2
1194,1502,2
1504,3682,5
3682,1479,5
1877,3683,1
3683,1957,1
1951,1516,1
1303,1848,3
1848,3590,2
3311,1860,2
1860,3684,2
3684,3310,2
3590,1848,2
1848,3450,2
3450,3435,2
3435,1303,2
274,3685,3
3685,1558,3
1516,3583,3
3583,1909,3
1910,1516,2
1957,3683,1
3683,1877,1
1479,3686,2
3686,1503,2
1679,1602,2
1602,1612,2
1612,3497,2
3497,1682,2
1682,1267,2
1267,183,2
2232,2230,2
2230,2144,1
2218,1866,1
1866,3687,1
3687,2196,1
2196,3688,1
3688,2331,1
1163,1158,1
1158,696,1
696,1133,1
1210,3689,1
3689,3690,1
3690,3691,1
3691,3692,1
3692,3693,1
3693,3694,1
3694,3695,1
3695,3696,1
3696,3697,1
3697,3698,1
3698,2236,1
2230,3699,1
3699,2233,1
2233,2234,1
2236,3698,1
3698,3697,1
3697,3696,1
3696,3695,1
3695,3694,1
3694,3693,1
3693,3692,1
3692,3691,1
3691,3700,1
3700,3690,1
3690,3689,1
3689,3701,1
3701,698,1
1748,1390,1
1133,696,1
696,1158,1
1158,1154,1
1194,1481,1
1866,2218,1
2144,2230,1
1752,1751,1
1751,1747,1
1748,1127,1
309,276,1
1396,3702,1
3702,1397,1
1419,1402,1
1404,3703,1
3703,1402,1
1419,1418,1
1409,1408,1
1408,1401,1
1133,3704,1
3704,1127,1
1127,1748,1
1753,3705,1
3705,1744,1
695,1526,2
1526,1524,2
1524,244,2
170,173,1
173,204,1
204,696,1
696,177,1
1135,1145,1
1145,1212,1
1212,698,1
1194,1193,1
1193,1139,1
3457,3706,1
3706,158,1
1530,1540,1
1518,244,1
1540,1530,1
186,1605,1
1605,187,1
1193,1481,1
1481,1480,3
1480,1502,3
698,3707,1
3707,3708,1
3708,1145,1
173,170,1
3709,2262,1
2185,2321,1
2131,2346,1
276,3710,1
3710,1558,1
2321,2185,1
2263,3711,4
3711,2513,3
2514,2533,1
2533,3709,1
3712,2159,3
2125,3713,4
3713,2181,3
2264,3714,1
3714,2311,1
2311,3715,1
3715,2317,1
2281,3716,1
3716,2286,1
2286,2248,1
2248,2250,1
3711,3717,1
3717,2525,1
2524,3718,1
3718,3719,1
3719,2125,1
2125,1867,9
2160,3720,3
3720,3712,3
2525,3717,1
3717,3711,1
3711,2263,1
2263,2262,1
2262,2261,1
2250,2248,1
2248,2286,1
2286,3716,1
3716,2281,1
2292,2317,1
2317,3715,1
3715,2311,1
2311,3714,1
3714,2264,1
3721,2418,2
1959,2419,1
2421,3722,2
3722,2119,2
2119,3723,2
3723,2408,2
2408,2402,2
2392,3724,2
3724,2389,2
2389,2391,2
2388,2352,2
2127,3725,2
3725,2157,2
1867,2159,8
2350,2388,1
2388,2391,1
2391,2389,1
2389,3724,1
3724,2393,1
2402,2408,1
2408,3723,1
3723,2119,1
2119,3722,1
3722,2421,1
2419,1959,2
2423,3721,1
2418,2419,1
1959,2420,1
3726,2158,2
2181,3727,2
3727,565,3
2182,2553,1
2281,2289,2
2289,2140,2
2516,2155,2
2155,2518,2
2518,2144,2
2221,2355,1
2355,671,2
671,2354,2
2354,2352,2
2352,3728,2
3728,2355,2
274,3729,2
3729,2704,2
2704,3730,2
3730,3726,2
2242,3731,1
3731,3732,1
3732,3733,1
3733,2243,1
721,1589,1
1589,2243,1
1222,3734,1
3734,1218,1
1219,1222,1
2242,2355,1
2355,3735,1
3735,2125,1
2352,2354,1
2354,671,1
2355,2242,1
2144,3736,1
3736,3737,1
3737,2518,1
2553,2182,1
565,3727,1
2597,3738,2
3738,3739,2
3739,3740,2
3740,284,2
3713,3741,1
3741,2127,1
2499,3742,1
3742,2501,1
2180,3743,1
3743,2505,1
2435,3744,1
3744,3745,1
3745,2178,1
2178,3746,1
3746,3747,1
3747,3748,1
3748,2167,1
2428,2427,1
2427,3749,1
3749,2436,1
2436,2127,1
1867,3750,2
3750,2560,2
2272,1867,2
274,3751,2
3751,3739,2
3739,3738,2
3738,2597,2
2597,2596,2
2596,2595,2
2167,3748,1
3748,3747,1
3747,3746,1
3746,2178,1
2505,3743,1
3743,2180,1
2127,2181,1
311,322,1
2108,323,1
350,385,1
385,321,1
321,3752,1
3752,322,1
2618,2631,1
2622,2577,1
2577,2720,1
274,3753,1
3753,2127,1
2494,3754,1
3754,3755,1
3755,2494,1
2460,2444,1
2445,2127,1
2127,3756,1
3756,3757,1
3757,3758,1
3758,3759,1
3759,3730,1
3730,2704,1
2704,2703,1
2631,2619,1
2619,2618,1
322,321,1
321,385,1
333,356,2
1516,1719,2
1722,3760,2
3760,1734,2
1734,1481,2
1734,3760,1
3760,1722,1
1722,1721,1
1720,3761,1
3761,1741,1
1741,386,1
1942,3046,1
3046,1516,1
356,333,1
3010,3015,1
386,3762,1
3762,3762,1
3762,524,1
524,1268,1
1268,3763,1
3763,1269,1
1269,103,1
848,162,1
2958,3764,1
3764,386,1
274,3765,1
3765,3766,1
3766,2917,1
2917,274,1
2900,2891,1
2891,2886,1
2986,1301,1
3038,2870,1
2870,3148,1
3148,3166,1
3597,3164,1
3164,3767,1
3767,3035,1
3035,3033,1
3033,2868,1
2868,3051,1
3051,3768,1
3768,3769,1
3769,3057,1
3057,3056,1
3056,2958,1
276,1370,1
2958,3770,1
3770,3057,1
3057,3769,1
3769,3768,1
3768,3051,1
3051,2868,1
2868,3033,1
3035,3771,1
3771,3166,1
2870,3038,1
3488,2110,1
2110,1845,1
1301,2986,1
3031,2886,1
2886,3772,1
3772,274,1
1367,3773,1
3773,1807,1
1807,1334,1
1334,1325,1
1331,1326,1
1326,3774,1
3774,1311,1
1848,3436,1
274,3775,1
3775,274,1
598,61,2
61,26,2
26,25,2
61,104,2
104,1271,2
1271,600,2
600,597,2
3432,61,1
3776,3245,2
3245,3241,2
74,294,2
572,1497,3
1497,601,2
61,3776,2
573,594,1
594,75,1
3777,810,1
61,3777,1
571,104,1
153,105,1
67,153,1
2113,1867,2
61,918,2
918,918,2
698,2022,1
2022,2028,1
2028,1878,1
1879,1909,1
1516,1909,1
1909,1879,1
