v1,v2
267,268
268,269
269,270
270,271
271,77
77,107
107,77
77,74
74,61
61,272
272,273
273,274
274,275
275,276
276,274
274,277
277,278
278,279
279,280
280,281
281,282
282,283
283,284
284,285
285,284
284,283
283,282
282,281
281,280
280,279
279,286
286,287
287,278
278,288
288,289
289,274
274,276
276,290
290,291
291,61
61,292
292,293
293,294
294,72
72,77
77,271
271,270
270,269
269,268
268,267
295,296
296,297
297,298
298,299
299,300
300,301
301,302
302,303
303,304
304,305
305,306
306,307
307,308
308,77
274,309
309,310
310,285
285,311
311,312
312,313
313,314
314,315
315,316
316,315
315,314
314,313
313,312
312,317
317,318
318,319
319,320
320,321
321,322
322,323
323,285
285,309
309,274
274,324
324,272
272,61
61,293
77,308
308,325
325,307
307,326
326,327
327,328
328,301
301,300
300,299
299,298
298,297
297,329
329,330
330,331
331,332
332,329
329,295
333,334
334,335
335,336
336,316
337,338
338,339
339,340
340,341
341,342
342,343
343,344
344,306
306,345
345,306
306,346
346,347
347,329
311,348
348,349
349,323
323,350
350,351
351,352
352,353
353,312
316,354
354,336
336,355
355,334
334,356
356,357
357,358
358,359
359,360
360,361
361,311
311,362
362,363
363,316
316,363
363,362
362,311
311,361
361,358
359,364
364,360
312,311
311,285
285,274
308,307
329,332
332,331
331,365
365,366
366,345
345,366
366,367
367,368
368,344
344,369
369,370
370,371
371,337
356,334
334,355
355,336
293,372
372,373
373,374
374,375
375,293
293,61
316,336
345,346
329,306
285,323
323,376
376,349
349,377
377,378
378,323
352,379
379,380
380,381
381,382
382,383
383,384
384,383
383,382
382,381
381,379
379,352
352,351
351,385
385,377
377,349
349,376
376,323
307,306
345,386
386,367
344,387
387,370
267,388
388,268
268,389
389,390
390,391
391,392
392,393
393,394
394,395
395,396
396,397
397,398
398,399
399,400
400,401
401,402
402,403
403,404
404,405
405,406
406,77
279,407
407,408
408,409
409,410
410,411
411,412
412,413
413,410
410,310
310,408
408,407
407,414
414,415
415,287
289,285
77,406
406,405
405,416
416,404
404,403
403,402
402,401
401,400
400,399
399,398
398,397
397,417
417,394
394,393
393,392
392,391
391,390
390,389
389,268
268,388
388,267
2127,2499
2499,2500
2500,2501
2501,2502
2502,2180
2180,2179
2179,2209
2209,2178
2178,2177
2177,2176
2176,2434
2434,2433
2433,2432
2432,2431
2431,2167
2167,2175
2175,2174
2174,2173
2173,2170
2170,2168
2168,724
724,2211
2211,2440
2440,2113
2113,2503
2503,2443
2443,2442
2442,2441
2441,2440
2440,2211
2211,724
724,2168
2168,2170
2170,2171
2171,2172
2172,2173
2173,2174
2174,2175
2175,2167
2167,2429
2429,2430
2430,2431
2431,2432
2432,2433
2433,2434
2434,2176
2176,2177
2177,2178
2178,2179
2179,2180
2180,2502
2502,2501
2501,2127
2127,2504
2504,2113
2431,2166
2166,2167
2566,2567
2567,2568
2568,2569
2569,2570
2570,2571
2571,2572
2572,2573
2573,2574
2574,2575
2575,2576
2576,2577
2577,2578
2578,322
322,274
274,322
322,2579
2579,2580
2580,322
322,2578
2578,2581
2581,2574
2574,2573
2573,2572
2572,2571
2571,2570
2570,2569
2569,2568
2568,2567
2567,2566
2582,284
284,2583
2583,2584
2584,2579
2580,284
284,2585
2585,2586
2586,2587
2587,2588
2588,2580
2580,2579
2579,2589
2589,2590
2590,2582
2591,1502
1502,2592
2592,2593
2593,2594
2594,2595
2595,2596
2596,2597
2597,274
274,284
284,2598
2598,2595
2595,2599
2599,2593
2593,2592
2592,2600
2600,2591
2591,2601
2601,2602
2602,2600
2603,2604
2604,2605
2605,2606
2606,2607
2607,2608
2608,2609
2609,2592
2592,284
284,2610
2610,274
284,2611
2611,2612
2612,2613
2613,2614
2614,2609
2609,2608
2608,2607
2607,2606
2606,2605
2605,2604
2604,2603
2606,2604
2571,2615
2615,2573
2573,2571
2570,2616
2616,2617
2617,2616
2616,2570
2578,2618
2618,2619
2619,2620
2620,2578
274,2621
2621,2577
2577,2622
2622,2571
2574,2623
2623,2624
2624,2625
2625,2626
2626,2627
2627,2628
2628,2629
2629,2630
2630,2574
2574,2631
2631,2618
2618,2632
2632,2633
2633,2578
322,2587
2587,2634
2634,284
2621,2581
2574,2635
2635,2636
2636,2637
2637,2638
2638,2639
2639,2640
2640,2641
2641,2629
2629,356
356,2642
2642,2627
2627,2626
2626,2625
2625,2624
2624,2623
2623,2643
2643,2644
2644,2574
360,358
358,361
311,383
384,312
312,353
353,352
349,2645
2645,2646
2646,2647
2647,2108
2108,285
285,2108
2108,2647
2647,2646
2646,2645
2645,323
312,384
383,311
311,2648
2648,2649
2649,361
2654,2655
2655,2656
2656,2657
2657,2658
2658,2659
2659,2646
2646,2660
2660,2661
2661,2662
2662,2663
2663,2664
2664,2647
309,322
322,2108
2647,2663
2663,2662
2662,2661
2661,2660
2660,2646
2646,2659
2659,2658
2658,2657
2657,2665
2665,2656
2656,2654
2647,2645
381,380
380,2654
2654,2657
2671,2672
2672,2673
2673,2674
2674,2108
2108,848
848,309
309,848
848,2108
2108,2675
2675,2676
2676,2672
2672,2677
2677,2678
2678,2671
2679,1959
1959,2417
2417,2679
2679,2680
2680,2681
2681,2680
2680,2679
2679,2682
2682,2683
2683,1416
1416,2684
2684,309
309,2684
2684,1416
1416,2683
2683,2682
2682,1959
2685,2686
2686,2687
2687,2688
2688,2158
2158,2689
2689,1867
1867,2196
2196,2329
2329,1866
1866,1938
1938,1866
1866,1867
1867,2689
2689,2158
2158,2688
2688,2687
2687,2686
2686,2685
2688,2690
2690,2691
2691,2692
2692,2693
2693,2694
2694,2695
2695,2694
2694,2696
2696,2697
2697,2698
2698,2699
2699,2158
2158,2697
2697,2696
2696,2694
2694,2691
2691,2690
2690,2688
2689,2700
2700,2701
2701,1867
1866,2688
2687,2702
2702,2703
2703,2704
2704,2158
2158,2705
2705,2706
2706,2707
2707,2708
2708,2689
2689,2709
2709,2710
2710,2711
2711,2712
2712,2713
2713,2201
2201,2714
2714,2202
2202,2193
2193,2715
2715,2204
2204,2716
2716,2653
2653,2199
2199,1866
1938,1867
1867,2198
2198,2652
2652,2204
2204,2715
2715,2193
2193,2202
2202,2714
2714,2201
2201,2713
2713,2712
2712,2711
2711,2710
2710,2709
2709,2689
2689,2708
2708,2707
2707,2706
2706,2705
2705,2158
2158,2704
2704,2717
2717,2718
2718,2703
2703,2702
2702,2687
2578,2719
2719,2631
2631,2574
2573,2622
2622,2720
2720,2721
2721,2688
2688,1866
2688,2721
2721,2720
2720,2622
2622,2573
2631,2620
2620,2632
2721,2722
2722,2687
2685,2723
2723,2686
2690,2724
2724,2688
2687,2725
2725,2702
2158,2726
2726,2727
2727,2704
2702,2725
2725,2687
2687,2722
2722,2721
2720,2577
336,354
354,316
2728,2729
2729,279
279,2730
2730,1056
1056,2731
2731,2398
2398,2731
2731,287
286,2731
2731,2732
2732,1056
1056,2730
2730,279
279,2729
2729,2728
2113,2733
2733,2734
2734,2735
2735,2736
2736,2737
2737,2738
2738,2739
2739,2740
2740,2741
2741,2742
2742,2743
2743,2733
2733,2113
2113,2159
2159,274
274,2160
2160,2127
2733,2744
2744,2743
2743,2742
2742,2741
2741,2740
2740,2739
2739,2745
2745,2738
2738,2737
2737,2736
2736,2735
2735,2734
2734,2733
2746,2747
2747,2748
2748,2746
2746,1220
1220,2749
2749,2750
2750,2751
2751,2752
2752,2753
2753,2733
2733,2753
2753,2752
2752,2751
2751,2750
2750,2754
2754,2746
1220,2755
2755,2756
2756,2746
2746,2748
2748,2747
2747,2757
2757,2746
2748,2755
2755,2758
2758,2746
1220,2747
2747,2759
2759,2749
2746,2758
2758,2755
2755,2748
2747,2746
2760,1056
1056,2761
2761,2762
2762,2761
2761,1056
1056,2760
2760,2763
2763,2746
2746,2763
2763,2760
2760,507
507,2761
2761,507
507,2760
2764,2765
2765,2764
2764,2766
2766,2767
2767,2768
2768,2769
2769,2770
2770,2771
2771,2772
2772,2773
2773,2774
2774,2775
2775,2740
2740,2776
2776,2746
2747,2777
2777,2752
2752,2778
2778,2779
2779,2780
2780,2753
2753,2780
2780,2779
2779,2778
2778,2752
2752,2777
2777,2747
2759,2746
2746,2776
2776,2740
2740,2775
2775,2774
2774,2773
2773,2772
2772,2771
2771,2770
2770,2769
2769,2768
2768,2767
2767,2766
2766,2764
2764,2781
2781,2782
2782,2764
2762,2764
2764,2783
2783,2784
2784,2765
2746,2754
2754,2750
2597,3738
3738,3739
3739,3740
3740,284
284,2592
2592,2651
2651,2158
1867,2159
2127,2128
2128,2125
2125,3713
3713,3741
3741,2127
2499,3742
3742,2501
2180,3743
3743,2505
2505,2435
2435,3744
3744,3745
3745,2178
2178,3746
3746,3747
3747,3748
3748,2167
2167,2428
2428,2427
2427,3749
3749,2436
2436,2127
2127,2215
2215,2125
2125,1867
1867,3750
3750,2560
2560,2272
2272,1867
2158,2651
2651,2592
284,274
274,3751
3751,3739
3739,3738
3738,2597
2597,2596
2596,2595
2125,2213
2213,2127
2127,2427
2427,2428
2428,2167
2167,3748
3748,3747
3747,3746
3746,2178
2178,2435
2435,2505
2505,3743
3743,2180
2127,2181
2181,2125
311,322
2108,323
350,385
385,321
321,3752
3752,322
2618,2631
2622,2577
2577,2720
2158,1867
274,3753
3753,2127
2125,2444
2444,2445
2445,2444
2444,2459
2459,2460
2460,2494
2494,3754
3754,3755
3755,2494
2494,2460
2460,2444
2445,2127
2127,2482
2482,2125
2125,2126
2126,2127
2127,3756
3756,3757
3757,3758
3758,3759
3759,3730
3730,2704
2704,2703
2631,2619
2619,2618
322,321
321,385
333,356
1867,1516
1516,1719
1719,1720
1720,1721
1721,1722
1722,3760
3760,1734
1734,1481
1481,1480
1480,1502
1502,1503
1503,1504
1504,3682
3682,1479
1479,1139
1139,1193
1193,1194
1194,1480
1480,1481
1481,1734
1734,3760
3760,1722
1722,1721
1721,1720
1720,3761
3761,1741
1741,386
386,1942
1942,3046
3046,1516
1516,1867
356,333
